0.3284863233566284	0.18052197992801666	0.0	0.1551016867160797	0.0	0.3348236382007599	0.13012975454330444	0.4626087248325348	0.0	0.0	0.3540308177471161	0.33213430643081665
0.16420887410640717	0.8309252262115479	0.39916765689849854	0.7101178169250488	0.9163281321525574	0.0	0.0	0.12609268724918365	0.0020478814840316772	0.985317051410675	0.44639337062835693	0.26416510343551636
0.6111499071121216	0.09479447454214096	0.5945934057235718	0.6539223194122314	1.2023940086364746	0.0	0.0	1.0151488780975342	0.1551787108182907	1.4562660455703735	0.35319674015045166	1.0415762662887573
0.0	0.5664604902267456	0.0	0.0	0.21675604581832886	0.06301629543304443	0.0	0.0	0.0	0.0	0.11811013519763947	0.11734980344772339
0.29512259364128113	0.06184297800064087	0.0	0.4485695958137512	0.0	0.5791168808937073	0.0	0.0	0.0	0.0	0.8438153862953186	0.10960958898067474
0.17798978090286255	0.09855467081069946	0.1801774799823761	0.1555405855178833	0.09075087308883667	0.4371716380119324	0.004169858526438475	0.18284198641777039	0.21057190001010895	0.0	0.0	0.02655794471502304
0.0	1.0311681032180786	0.4100757837295532	0.0	0.763157308101654	0.0	0.0	0.06238839775323868	0.08997838199138641	0.1988273710012436	0.0	0.0
0.7415564060211182	0.0	0.30778324604034424	1.0672242641448975	0.35537710785865784	0.0	0.16357837617397308	0.6328254342079163	0.12231824547052383	0.49013590812683105	1.0431387424468994	0.37249472737312317
0.0	1.3389768600463867	0.0	0.5157896280288696	0.33886635303497314	0.17317825555801392	0.0	0.0	0.0	0.0	0.0	0.0
1.6877118349075317	2.3169422149658203	0.7440173029899597	0.0	0.34524717926979065	0.0	0.5339949727058411	0.9255135655403137	0.1887475550174713	0.30666470527648926	0.623154878616333	0.0
0.2522357106208801	0.3115096092224121	0.2385396510362625	0.12430842220783234	0.1355762481689453	0.0	0.5718454718589783	0.13481487333774567	0.082107312977314	0.0	0.31684672832489014	0.0
0.15737314522266388	0.0	0.4973592758178711	0.02782323770225048	0.5458639860153198	0.0	0.8098044395446777	0.5489985942840576	0.18328510224819183	0.0	0.05217906832695007	0.8171740770339966
0.0	0.2648143470287323	0.2596655786037445	0.4122433662414551	0.2904072701931	0.0	0.0	0.0721258819103241	0.058563098311424255	0.0	0.33409056067466736	0.061217229813337326
0.6771285533905029	0.2700516879558563	0.024220643565058708	0.37822744250297546	0.866952121257782	0.0	0.0	0.612835705280304	0.0	0.6686962246894836	0.2524292767047882	0.851218581199646
0.18688184022903442	0.0	0.6173862218856812	0.05020331218838692	0.42020004987716675	0.0	0.6608855128288269	0.3425799608230591	0.5682985782623291	0.14579613506793976	0.0	0.16180630028247833
0.1443706601858139	0.0	0.2989088296890259	0.0	0.3460617661476135	0.31313517689704895	0.0	0.0	0.17617762088775635	0.0	0.34084516763687134	0.13658389449119568
0.47462522983551025	0.0	0.2594573199748993	0.3013592064380646	0.030288267880678177	0.031664103269577026	0.908045768737793	0.4586338996887207	0.3660748600959778	0.30104130506515503	0.6163561344146729	0.2721501290798187
0.1853846162557602	0.0	0.15132130682468414	0.016472525894641876	0.17841342091560364	0.0	0.0	0.23355597257614136	0.02885453775525093	0.01853879727423191	0.2505556046962738	0.12618009746074677
0.22661393880844116	0.0	0.6660318374633789	0.3467597961425781	0.8451244831085205	0.0	0.846558153629303	0.3846646547317505	0.37640148401260376	1.1577775478363037	0.21952985227108002	0.0
0.2943255305290222	0.0	0.2796231806278229	0.0	0.08781953155994415	0.0	0.4148164391517639	0.21004889905452728	0.24898238480091095	0.006928229704499245	0.2570590674877167	0.0
0.7089276313781738	0.0010364949703216553	0.25231125950813293	0.0	0.0	0.083627849817276	0.003968775272369385	0.3663921356201172	0.15054841339588165	0.0	0.561651349067688	0.22860920429229736
1.0619229078292847	0.0	0.12941189110279083	0.18279992043972015	0.012943902052938938	0.0	0.4954613149166107	0.7703243494033813	0.13649098575115204	0.5689243078231812	0.7873975038528442	0.5444045066833496
0.3957124352455139	0.0	0.0	0.2195858359336853	0.04963734745979309	0.30215704441070557	0.10477623343467712	0.11892764270305634	0.0	0.0	0.7135764360427856	0.08055189996957779
0.0	0.8076756000518799	0.2503563463687897	0.6377207636833191	0.5591281652450562	0.0	0.0	0.2144261598587036	0.1339426338672638	0.14047588407993317	0.2005711942911148	0.22771073877811432
0.362388014793396	0.7962711453437805	0.0	0.20262224972248077	0.0	0.7150218486785889	0.0	0.0	0.0	0.0	0.4351119101047516	0.0
0.0	0.8744727373123169	0.7384602427482605	0.05671696737408638	0.9906318783760071	0.0	0.0	0.16027580201625824	0.7900386452674866	0.7089501023292542	0.0	0.865818202495575
0.02132107876241207	0.1733449250459671	0.43259090185165405	0.17872639000415802	0.10636298358440399	0.0	0.0	0.16716636717319489	0.4556286931037903	0.32829365134239197	0.0	0.07691102474927902
0.3631475269794464	0.0	0.30112868547439575	0.0	0.10027740895748138	0.0	0.4695202112197876	0.5612474083900452	0.0	0.0	0.4307674467563629	0.6138810515403748
0.5962386727333069	0.0	0.4013434052467346	0.3401663601398468	0.20689837634563446	0.0	0.5348074436187744	0.3081677258014679	0.2401350736618042	0.42555248737335205	0.9234589338302612	0.48970043659210205
0.049253761768341064	0.0	0.6166319847106934	0.0	0.45084959268569946	0.0	0.32001832127571106	0.2299308180809021	0.5497668981552124	0.49847233295440674	0.0	0.09726537019014359
0.0	1.8273426294326782	0.34978044033050537	0.3461093604564667	0.23499584197998047	1.0581567287445068	0.0	0.0	0.669196367263794	0.0	0.0	0.047415316104888916
0.06664974242448807	0.0	0.4066755175590515	0.12340565025806427	0.48018351197242737	0.8924687504768372	0.578013002872467	0.23424451053142548	1.0577913522720337	0.0321042537689209	0.08751818537712097	0.19184409081935883
0.10451037436723709	0.0	0.3670341372489929	0.3251669704914093	0.0	0.014536172151565552	0.6174558401107788	0.2886487543582916	0.43665072321891785	0.0	0.21795020997524261	0.11570683866739273
0.32808855175971985	0.005727589130401611	0.38491129875183105	0.0	0.337697297334671	0.0	0.0	0.38443127274513245	0.6301747560501099	0.0	0.0	0.3198365867137909
0.0	0.1935037523508072	0.3186790943145752	0.1325150430202484	0.04393927752971649	0.0	0.3250617980957031	0.26877734065055847	0.4502679705619812	0.11987245827913284	0.0	0.0
0.07868558168411255	0.0	0.0	0.3664077818393707	0.0	0.370990514755249	0.0	0.14414608478546143	0.0	0.0	0.4560730457305908	0.2435636967420578
0.6091412305831909	0.8059663772583008	0.27279144525527954	0.0	0.0	0.25601324439048767	0.5292803049087524	0.6490519046783447	0.35329848527908325	0.0	0.0	0.0
0.4741368293762207	0.0	0.0	0.0	0.0	0.7172505855560303	0.37606364488601685	0.19407610595226288	0.0	0.0	0.409507691860199	0.3809923529624939
0.0	0.17099857330322266	0.0	0.6444099545478821	0.0	1.0985338687896729	0.0	0.0	0.0	0.0	0.31182271242141724	0.24296526610851288
0.42665669322013855	0.0	0.0	0.0	0.0	1.1698545217514038	0.38303685188293457	0.2626546621322632	0.43597108125686646	0.0	0.5774892568588257	0.09116808325052261
0.45336827635765076	0.9565595388412476	0.0	0.0	0.14290858805179596	0.778620183467865	0.0	0.0	0.37175166606903076	0.0	0.0	0.6500715017318726
0.6640822887420654	0.5964365601539612	0.0	0.018669500946998596	0.40545421838760376	0.0	0.0	0.5634599924087524	0.0	0.3185631334781647	0.38666051626205444	0.4531315267086029
0.49670812487602234	0.0	0.11829476058483124	0.16369706392288208	0.13274136185646057	0.0	0.32100337743759155	0.3481524586677551	0.153436541557312	0.0	0.2614007890224457	0.5094332695007324
0.18200784921646118	0.0	0.46209853887557983	0.24610579013824463	0.42225706577301025	0.0	0.0965331494808197	0.4306071400642395	0.5419732332229614	0.3935278356075287	0.2460317313671112	0.5643713474273682
0.9444476366043091	1.9096044301986694	0.0	0.38234221935272217	0.0	0.7785651087760925	0.0	0.0	0.0	0.0	0.5101557970046997	0.3173806667327881
0.15951424837112427	0.0	0.0	0.0	0.04850822687149048	0.6694757342338562	0.24452903866767883	0.0	0.0	0.0	0.4736284613609314	0.028588904067873955
0.42351359128952026	0.0	0.0	0.0	0.0	0.4970977008342743	0.3221157193183899	0.31596994400024414	0.16430363059043884	0.0	0.37190091609954834	0.2866983711719513
0.7004849910736084	0.5606828331947327	0.0	0.2773612439632416	0.0	0.062224309891462326	0.21514974534511566	0.3039132058620453	0.0	0.0	0.7197729349136353	0.0
0.2126096487045288	0.0	0.0	0.518835186958313	0.036018047481775284	0.0	0.0	0.0	0.0	0.0	0.8185373544692993	0.36668553948402405
0.4732063412666321	0.0	0.0	0.11075165867805481	0.0	0.2997969686985016	0.517298698425293	0.5248301029205322	0.0	0.0	0.6058155298233032	0.05072566866874695
0.5131382346153259	0.0	0.5282281041145325	0.1584041267633438	0.3734211325645447	0.0	0.16277071833610535	0.18409931659698486	0.7112027406692505	0.09781460464000702	0.5544097423553467	0.22804994881153107
0.47838395833969116	0.0	0.8220917582511902	0.0	0.5237063765525818	0.0	1.059765100479126	0.8625890016555786	0.3764965832233429	0.4422454535961151	0.3719251751899719	0.5435517430305481
0.15265727043151855	0.6889238357543945	0.0	0.13383829593658447	0.15093570947647095	0.0	0.0	0.14227458834648132	0.0	0.0	0.1668628454208374	0.15001825988292694
0.6838291883468628	0.0	0.29353371262550354	0.18971963226795197	0.06316924840211868	0.0	1.4837310314178467	0.703936755657196	0.0	0.0	0.697323739528656	0.44926366209983826
0.33309268951416016	0.5014835596084595	0.0	0.25438016653060913	0.0	0.7425848841667175	0.18735235929489136	0.24879202246665955	0.03550264239311218	0.0	0.1766088753938675	0.0
0.29270121455192566	0.0	0.21504949033260345	0.0	0.0	0.34844332933425903	0.4391496479511261	0.29218995571136475	0.0	0.0	0.4750892221927643	0.588351845741272
0.037896525114774704	0.0	0.4352034330368042	0.3901582658290863	0.38039934635162354	0.7637122869491577	0.29770627617836	0.03742136433720589	0.874708890914917	0.0	0.2191753089427948	0.16045743227005005
0.41597461700439453	0.0	0.0	0.2591298222541809	0.27510151267051697	0.19986796379089355	0.0	0.1615133136510849	0.18773043155670166	0.0350441038608551	0.49207672476768494	0.2868707478046417
0.08706402778625488	0.0	0.2243242710828781	0.332505464553833	0.3625405728816986	0.0959882140159607	0.39215540885925293	0.07904893159866333	0.6212308406829834	0.0	0.2154659628868103	0.0
0.17964234948158264	0.0	0.07547998428344727	0.0237745214253664	0.0	0.7461403608322144	0.20495674014091492	0.07760032266378403	0.35793137550354004	0.0	0.3554156422615051	0.14505542814731598
0.159409299492836	0.6359919905662537	0.0	0.0	0.0	0.6077368855476379	0.019650593400001526	0.0	0.0	0.0	0.0	0.0
0.17380031943321228	0.6554927825927734	0.38881662487983704	0.3066968023777008	0.1644749939441681	0.0	0.2730451226234436	0.47069117426872253	0.3788071274757385	0.01876332052052021	0.0	0.20169523358345032
0.0	0.200651615858078	0.44968104362487793	0.3182247579097748	0.5384773015975952	0.0	0.0	0.10375982522964478	0.0	0.0	0.15239296853542328	0.46046602725982666
0.043104443699121475	0.0	0.4749141335487366	0.1836753934621811	0.24510091543197632	0.0	0.35234978795051575	0.36646217107772827	0.040509581565856934	0.0	0.27446815371513367	0.11745549738407135
0.0	0.0	0.7400802373886108	0.48586487770080566	0.8528966903686523	0.0	0.3567243218421936	0.06726117432117462	0.11029057949781418	0.0911184623837471	0.2981133460998535	0.19680336117744446
1.005531668663025	0.24614274501800537	0.0	0.05484186112880707	0.0	0.5093159675598145	0.0	0.4299415647983551	0.0	0.0	1.1809766292572021	0.15962277352809906
0.21436983346939087	0.14741620421409607	0.0	0.0	0.0	0.5585994124412537	0.7236831784248352	0.25637221336364746	0.0	0.0	0.12922240793704987	0.0
0.4896309971809387	0.0	0.0	0.6479393243789673	0.0	0.5119249820709229	0.28863421082496643	0.18616542220115662	0.11951344460248947	0.0	0.964583158493042	0.05104338750243187
0.21581462025642395	0.0	0.006860008928924799	0.10819799453020096	0.0	0.0	0.0	0.2778902053833008	0.0	0.0	0.20592547953128815	0.19111540913581848
0.40424296259880066	0.4639328122138977	0.0	0.3567344546318054	0.0	0.0	0.0	0.35449153184890747	0.0	0.0	0.49940794706344604	0.2483738660812378
0.04175938665866852	0.0	0.3772807717323303	0.0	0.855724036693573	0.2058049440383911	0.8985472917556763	0.1799539029598236	0.7721880674362183	0.9531564712524414	0.0	0.0
0.08344566822052002	0.31926876306533813	0.0	0.07426536083221436	0.38270559906959534	0.2434615194797516	0.0	0.0	0.1885491907596588	0.0	0.26219117641448975	0.09068378806114197
0.43798622488975525	0.13465498387813568	0.0	0.038721345365047455	0.0	0.2839525043964386	0.14740684628486633	0.2789895832538605	0.0	0.0	0.5487726330757141	0.0
0.5358973741531372	0.0	1.0987730026245117	0.002391023561358452	0.6226890087127686	0.0	0.8880621194839478	0.7463809847831726	0.04022025316953659	0.3191918432712555	0.3193088471889496	0.33903777599334717
0.1898210495710373	0.0	0.5319375395774841	0.07936263829469681	0.31142404675483704	0.0	0.12161552906036377	0.11816681921482086	0.13668575882911682	0.03473968803882599	0.1899758130311966	0.13368432223796844
0.34266358613967896	0.0	0.0	0.10385414958000183	0.0	0.8849388957023621	0.012255524285137653	0.0	0.0	0.0	0.603269636631012	0.22479279339313507
0.0	0.7503989338874817	0.4116417169570923	0.4910593032836914	0.8110541701316833	0.6950317621231079	0.0	0.0	0.36901938915252686	0.0	0.0	0.18045751750469208
0.48508691787719727	0.0	0.0	0.0	0.0	0.49463117122650146	0.26202625036239624	0.04998045787215233	0.0	0.0	0.279094934463501	0.1138797402381897
0.12185006588697433	0.40858370065689087	0.2937442660331726	0.16806116700172424	0.2202412635087967	0.0	0.03458160161972046	0.0	0.15944267809391022	0.13650839030742645	0.010742008686065674	0.0
0.037578798830509186	0.0	0.21283841133117676	0.11713200807571411	0.35858210921287537	0.0	0.01790810562670231	0.2725837826728821	0.0	0.13187971711158752	0.08812905848026276	0.2457827627658844
0.13973712921142578	0.0	0.333452433347702	0.0	0.2665519416332245	0.0	0.0	0.2403506487607956	0.30798178911209106	0.3152466118335724	0.05194379761815071	0.30698415637016296
0.10734167695045471	0.2127242088317871	0.2920460104942322	0.016940731555223465	0.16058126091957092	0.14961937069892883	0.3554045259952545	0.21703901886940002	0.4497835636138916	0.0	0.0	0.39316993951797485
0.4688572883605957	0.041690558195114136	0.16166917979717255	0.0	0.052420224994421005	0.0	0.06347449868917465	0.5485262870788574	0.119105264544487	0.0	0.28922557830810547	0.6621133089065552
0.15873411297798157	0.5891396403312683	0.0	0.5110586881637573	0.26171591877937317	0.0	0.0	0.26691776514053345	0.0	0.0	0.3573572635650635	0.32535654306411743
0.0	0.4228285253047943	0.028461869806051254	0.27636289596557617	0.5159919261932373	0.0	0.0	0.0	0.0	0.1136016920208931	0.08222576975822449	0.1929776966571808
0.4117072820663452	0.0	0.22617627680301666	0.24045047163963318	0.07041610032320023	0.16582663357257843	0.6142913103103638	0.4126807451248169	0.24744091928005219	0.35703784227371216	0.6289340257644653	0.0
0.0	4.342727184295654	1.9469027519226074	0.5692811012268066	2.8002545833587646	0.0	0.0	0.0	0.0	0.0	0.0	0.3877379894256592
0.3107699155807495	0.1788252294063568	0.0	0.0	0.0	0.32681822776794434	0.3832482397556305	0.1934836059808731	0.25229305028915405	0.0	0.03393484652042389	0.056999895721673965
0.0	0.37077444791793823	0.0	0.0	0.0	1.3687260150909424	0.0	0.0	0.29743391275405884	0.0	0.10538187623023987	0.0
0.2850645184516907	0.4627506136894226	0.19814495742321014	0.1402517706155777	0.1809685379266739	0.0	0.47092312574386597	0.1150001734495163	0.1754760593175888	0.4326501488685608	0.07716101408004761	0.0
0.163633793592453	0.0	0.947189211845398	0.1756296455860138	0.686046838760376	0.0	0.6487427949905396	0.16632874310016632	0.7288631796836853	0.22110813856124878	0.15072286128997803	0.08461001515388489
0.0	2.069131851196289	0.058457255363464355	0.0	0.44767969846725464	1.823685884475708	0.0	0.0	0.7447442412376404	0.0	0.0	0.0
0.18121108412742615	0.3760167360305786	0.0	0.34915363788604736	0.0	0.7896122932434082	0.0	0.0	0.0	0.0	0.4293769299983978	0.0
0.0	0.0	0.8309836983680725	0.1706167757511139	0.6701802611351013	0.0	0.8776856660842896	0.2988649010658264	0.38567468523979187	0.44190818071365356	0.0	0.0
0.34197285771369934	0.1156671941280365	0.014292298816144466	0.0	0.14246349036693573	0.08586916327476501	0.0	0.2736634910106659	0.3250638544559479	0.09255968779325485	0.0	0.39762306213378906
0.26875633001327515	0.033359650522470474	0.566012442111969	0.22652800381183624	0.8460725545883179	0.0	0.33970174193382263	0.598786473274231	1.441016674041748	1.8377761840820312	0.0	0.5623093843460083
0.12600281834602356	0.0	0.15967658162117004	0.3226999044418335	0.07443984597921371	0.0	0.7238444089889526	0.3247436583042145	0.39748114347457886	0.42193400859832764	0.41659224033355713	0.012471203692257404
0.35325074195861816	0.24535422027111053	0.10948151350021362	0.0	0.0	0.736979603767395	0.0	0.22012174129486084	0.2433674931526184	0.0	0.18395666778087616	0.0
0.2157425880432129	0.446999192237854	0.0	0.0	0.059408701956272125	0.11265964806079865	0.0	0.0	0.0	0.0	0.287713885307312	0.0
0.4576287269592285	0.0	0.20304164290428162	0.9487193822860718	0.9759888648986816	0.0	0.0	0.35792407393455505	0.1105508804321289	0.8358058929443359	0.3251311182975769	0.8111124038696289
1.0011649131774902	0.09232372045516968	0.13640369474887848	0.049866899847984314	0.1400020569562912	0.0	0.2015817016363144	0.6225343942642212	0.015653345733880997	0.0	0.35434141755104065	0.0
0.28618478775024414	0.15933653712272644	0.031710729002952576	0.0	0.17902179062366486	0.22437527775764465	0.0	0.005901584401726723	0.5906490683555603	0.0	0.3557736873626709	0.06647419184446335
0.5676643252372742	0.0	0.0	0.24453392624855042	0.2045484483242035	0.09452778100967407	0.0	0.18352699279785156	0.0	0.0	0.817958414554596	0.26381945610046387
0.1276652216911316	0.0	0.3002617061138153	0.17166370153427124	0.3525112271308899	0.0	0.0	0.22688865661621094	0.024472758173942566	0.0	0.42400670051574707	0.4191412627696991
0.1545359343290329	0.12013659626245499	0.0	0.07213594764471054	0.0	0.9174166321754456	0.0	0.0	0.0	0.0	0.41923263669013977	0.0
0.8974688649177551	0.10523802042007446	0.17748890817165375	0.510130763053894	0.2632531225681305	0.0	0.0	0.8240374326705933	0.07502958178520203	0.6211943626403809	0.4444016218185425	0.8174266219139099
0.1108061820268631	0.16370142996311188	0.19024258852005005	0.17633046209812164	0.36914288997650146	0.2384946048259735	0.0	0.08774108439683914	0.0	0.0	0.36167800426483154	0.27804362773895264
0.6850013732910156	0.0	0.0	0.27104586362838745	0.0	0.2036508023738861	0.30177590250968933	0.4447539448738098	0.0	0.0	0.7921718955039978	0.3621036112308502
0.379658967256546	0.25915002822875977	0.7699323892593384	0.2559504508972168	1.2000056505203247	0.0	0.0	0.6112424731254578	0.31026941537857056	0.9529954791069031	0.12613460421562195	0.831900417804718
0.5015349984169006	0.12911711633205414	0.027979813516139984	0.4579002857208252	0.025774430483579636	0.0	0.3734486699104309	0.531152069568634	0.0	0.0	0.424660861492157	0.7859620451927185
0.04502096027135849	0.5682889223098755	0.1715754270553589	0.15448011457920074	0.0438629649579525	0.19035856425762177	0.19517125189304352	0.411273717880249	0.10574698448181152	0.04309028759598732	0.0	0.0
0.17595914006233215	0.0	0.17290619015693665	0.22844025492668152	0.0	0.15077874064445496	0.7954878807067871	0.15703311562538147	0.2718246579170227	0.0	0.4452909827232361	0.100547656416893
0.16146402060985565	0.0	0.4121425449848175	0.00309135764837265	0.08558931946754456	0.8804451823234558	0.0	0.06602495908737183	0.18159861862659454	0.0	0.37228474020957947	0.36259037256240845
0.4057294726371765	0.0	0.5099301338195801	0.2911202311515808	0.42729946970939636	0.0	0.6529253721237183	0.6763088703155518	0.1518310159444809	0.565138041973114	0.23280717432498932	0.48927387595176697
0.07791846990585327	0.09592627733945847	0.15892869234085083	0.09631913900375366	0.09830129146575928	0.284579873085022	0.3729173541069031	0.012976469472050667	0.04733853042125702	0.0	0.13069254159927368	0.0
0.22772592306137085	0.0	0.08516699075698853	0.0	0.16369569301605225	1.023311972618103	0.0	0.1314062476158142	0.0	0.0	0.5611712336540222	0.47704583406448364
0.09187864512205124	0.0	0.8308323621749878	0.10984702408313751	1.0020537376403809	0.0	0.5466365218162537	0.40597307682037354	0.8664499521255493	1.00605309009552	0.0	0.2999163269996643
0.2539597153663635	0.0	0.45162302255630493	0.282988041639328	0.2158452719449997	0.0	0.7689031958580017	0.5020492672920227	0.12380867451429367	0.20266355574131012	0.17323797941207886	0.17541226744651794
0.2905326783657074	0.13316267728805542	0.0	0.3260476291179657	0.0	0.16769053041934967	0.0	0.0	0.0	0.0	0.6280344724655151	0.0
0.38125959038734436	0.0	0.0	0.07860053330659866	0.0	0.6796435117721558	0.20166249573230743	0.24034903943538666	0.3659309148788452	0.0	0.7692961096763611	0.030978409573435783
0.1132412925362587	0.17376723885536194	0.3170927166938782	0.5180352926254272	0.5308643579483032	0.3405570685863495	0.2529771029949188	0.032816123217344284	0.5333247780799866	0.0	0.40954309701919556	0.10743152350187302
0.6245747208595276	0.7978699207305908	0.3221953213214874	0.16098488867282867	0.25628313422203064	0.0	0.3095470666885376	0.3631511330604553	0.5018520355224609	0.8503810167312622	0.0	0.16139337420463562
0.6282972097396851	0.0	0.0	0.0	0.0	0.40163081884384155	0.8429886698722839	0.3491012752056122	0.0	0.0	0.7057920694351196	0.1983780860900879
0.23403480648994446	0.0	0.06304311752319336	0.0	0.0	0.7518037557601929	0.4724583625793457	0.08131008595228195	0.07999548316001892	0.0	0.5004428029060364	0.02843269146978855
0.544363260269165	0.0	0.1291293203830719	0.19350560009479523	0.2770780324935913	0.0	0.31004440784454346	0.8263132572174072	0.07296401262283325	0.49358493089675903	0.0	0.547054648399353
0.1029985100030899	0.0	0.38635140657424927	0.14361518621444702	0.3164326548576355	0.0	0.27055707573890686	0.3558209538459778	0.4250653088092804	0.3447459042072296	0.04114682227373123	0.0
1.0968525409698486	0.9120283722877502	0.0	0.7630376815795898	0.0	0.0	0.0	0.2686464786529541	0.0	0.0	1.2038381099700928	0.2430262565612793
0.269534170627594	0.0	0.12221527099609375	0.0	0.0	0.653184711933136	0.1959451586008072	0.06595075130462646	0.3893134593963623	0.0	0.8748699426651001	0.0878811925649643
0.09639161825180054	0.019294559955596924	0.2867140769958496	0.14445292949676514	0.5075523257255554	0.0	0.0	0.15202030539512634	0.6344821453094482	0.5028907060623169	0.07538469135761261	0.21941165626049042
0.1147114709019661	0.0	0.0	0.0	0.0	0.4033883810043335	0.44689202308654785	0.13185523450374603	0.1800188422203064	0.0	0.0	0.0
0.12819121778011322	0.8924632668495178	0.2556789517402649	0.2440384328365326	0.9084464311599731	0.0	0.0	0.46269750595092773	0.08922090381383896	0.9493407011032104	0.0	0.5888634324073792
0.42899373173713684	0.14775532484054565	0.040460892021656036	0.1679949164390564	0.30197063088417053	0.0	0.0	0.4255983531475067	0.13618886470794678	0.6914131045341492	0.4100745916366577	0.48204898834228516
0.10333255678415298	0.031511276960372925	0.4802282452583313	0.03303928300738335	0.7424005270004272	0.0	0.0	0.1260848343372345	0.3945748209953308	0.05175049602985382	0.3175961971282959	0.31152042746543884
0.129156231880188	0.0	0.0	0.2229631543159485	0.0	1.0510579347610474	0.11342542618513107	0.0	0.0	0.0	0.5906234979629517	0.0
0.7247240543365479	0.0	9.39350575208664e-05	0.0	0.0	0.01803581602871418	0.7510690689086914	0.6047966480255127	0.5184113383293152	0.4083271622657776	0.46881160140037537	0.5887628793716431
0.0171506404876709	0.13763394951820374	0.5305764675140381	0.0	0.027633192017674446	0.5292727947235107	0.4265155494213104	0.21256780624389648	0.46799004077911377	0.03842763602733612	0.0	0.0
0.3413088619709015	0.6106981039047241	0.0	0.38318556547164917	0.0134822903200984	0.0	0.13187995553016663	0.30362817645072937	0.41270124912261963	0.2683088779449463	0.0	0.39487046003341675
0.22299550473690033	0.47100162506103516	0.0	0.08490318059921265	0.0	0.41971555352211	0.0	0.0	0.0	0.0	0.24862082302570343	0.15061315894126892
0.728543221950531	0.6334413290023804	0.0	0.24810677766799927	0.1322379857301712	0.0	0.0	0.09565572440624237	0.1505545973777771	0.0290374755859375	0.5478003025054932	0.20337973535060883
0.42638707160949707	0.0	0.0	0.0	0.0	0.0	0.5096293687820435	0.3268776535987854	0.0	0.0	0.3728382885456085	0.2698271870613098
0.09069019556045532	0.0	0.0	0.2116250842809677	0.0	0.43433237075805664	0.0	0.15294595062732697	0.0	0.0	0.41098320484161377	0.163047194480896
0.27912598848342896	0.0	0.0	0.0	0.008594527840614319	1.0461455583572388	0.2187168002128601	0.19592486321926117	0.9414388537406921	0.14924532175064087	0.33473074436187744	0.22395223379135132
0.9961934089660645	0.8404656648635864	0.0	0.0	0.0	0.24415844678878784	0.0	0.3531394302845001	0.0	0.0	0.6977145671844482	0.05695413425564766
0.0715775266289711	0.0	0.273182213306427	0.20421376824378967	0.6586142778396606	0.07065039873123169	0.0	0.3254348039627075	0.9583926796913147	0.33438587188720703	0.09817188233137131	0.3531099557876587
0.24938426911830902	0.32781869173049927	0.0	0.1611795574426651	0.0	0.9800882339477539	0.0	0.0	0.43076634407043457	0.0	0.29686710238456726	0.11426716297864914
0.43063509464263916	0.0	0.3285866677761078	0.3672748804092407	0.2097286432981491	0.0	0.8202526569366455	0.3625393509864807	0.0	0.003136488376185298	0.5995285511016846	0.23683114349842072
0.07115087658166885	0.0	0.5557557344436646	0.07992331683635712	0.9020070433616638	0.0	0.005975861568003893	0.4077708125114441	0.2775970995426178	0.3709869682788849	0.15440058708190918	0.5052357912063599
0.07155641168355942	0.0	0.4841132164001465	0.26478344202041626	0.21434848010540009	0.03131905198097229	0.25725114345550537	0.2833859622478485	0.4272211492061615	0.025868607684969902	0.10663944482803345	0.28952381014823914
0.5205291509628296	0.8951684832572937	0.0	0.2006978839635849	0.0	0.059096287935972214	0.0	0.4561159908771515	0.0	0.0	0.37670183181762695	0.3180743455886841
0.18539370596408844	0.0	0.18323096632957458	0.0009025633917190135	0.20766592025756836	0.13028475642204285	0.07802505791187286	0.16370679438114166	0.0	0.0	0.4923223555088043	0.3660781979560852
0.1992013156414032	0.0	0.0	0.0	0.0	1.7750775814056396	0.05609637871384621	0.0	0.5313225984573364	0.0	0.3918037414550781	0.0
0.16326278448104858	0.26872745156288147	0.36012643575668335	0.11741994321346283	0.4847632944583893	0.0	0.0	0.29383042454719543	0.27342280745506287	0.27767181396484375	0.0	0.38559743762016296
0.4186626076698303	0.0	0.44928431510925293	0.0	0.10952796041965485	0.008453917689621449	0.6621750593185425	0.29828622937202454	0.24666112661361694	0.0	0.3590013086795807	0.10520920157432556
0.416278600692749	0.0	0.0	0.0	0.0	0.37709832191467285	0.018821001052856445	0.3056182861328125	0.07544528692960739	0.0	0.34956973791122437	0.1944665014743805
0.10720064491033554	0.18974116444587708	0.001071773818694055	0.032573264092206955	0.0	0.5128767490386963	0.23319673538208008	0.08387790620326996	0.499412477016449	0.004691652953624725	0.0	0.16491416096687317
0.0	0.3427118957042694	0.0	0.0007861412595957518	0.0	1.1861435174942017	0.0	0.0	0.36798855662345886	0.0	0.22294889390468597	0.0
0.20160746574401855	0.0	0.14952103793621063	0.593216598033905	0.3679932951927185	0.0	0.06472830474376678	0.21473465859889984	0.0	0.3305389881134033	0.5892037153244019	0.25421491265296936
0.1663014441728592	0.49429792165756226	0.0	0.0	0.0	1.0661808252334595	0.24305038154125214	0.03732127696275711	0.8766615390777588	0.0	0.0	0.13852430880069733
0.24766743183135986	0.4324217438697815	0.44215553998947144	0.44126978516578674	0.39491379261016846	0.009331822395324707	0.05593080818653107	0.08249488472938538	0.12294613569974899	0.007132058497518301	0.0	0.3318271338939667
0.16026274859905243	0.0	0.5697264671325684	0.12809410691261292	0.438108891248703	0.0	0.5642865896224976	0.43258166313171387	0.22794289886951447	0.34596800804138184	0.0	0.10579083114862442
0.27472350001335144	0.0	0.22405533492565155	0.0	0.0	0.0	1.621037483215332	0.27206864953041077	0.30190539360046387	0.0	0.0	0.1307772845029831
0.22298985719680786	0.0	0.5272865891456604	0.0	0.0022253096103668213	0.0	0.8426700234413147	0.4677676558494568	0.09651350229978561	0.0	0.25480255484580994	0.0
0.4227231740951538	0.0	0.0	0.0	0.07559473812580109	0.4430413544178009	0.07426302880048752	0.12239565700292587	0.0191536545753479	0.0	0.5345978736877441	0.1392429620027542
0.0654289573431015	0.0	0.6464105248451233	0.26492923498153687	0.42792800068855286	0.0	0.4808589220046997	0.2662002444267273	0.1904599964618683	0.14734655618667603	0.15908820927143097	0.3741813898086548
0.0	0.5709920525550842	0.005958542227745056	0.15427498519420624	0.0	0.5683119297027588	0.0	0.0	0.0	0.0	0.0	0.0
0.0	4.7580766677856445	0.7395573854446411	0.9459806680679321	3.206810235977173	0.0	0.0	0.0	0.7444086074829102	0.0	0.0	0.9320629239082336
0.0433097779750824	0.0	0.0	0.40908995270729065	0.16707269847393036	0.0	0.0	0.26138344407081604	0.0	0.0	0.3885261118412018	0.3419561982154846
0.3503422439098358	0.23632529377937317	0.0	0.11631691455841064	0.0	0.22700616717338562	0.0	0.1976630538702011	0.0	0.0	0.3625158369541168	0.5024747848510742
0.0	0.10386020690202713	0.0	0.1476096212863922	0.0	0.6503295302391052	0.0	0.0	0.0	0.0	0.3257727026939392	0.0
0.32668137550354004	0.0	0.19117918610572815	0.156070739030838	0.07651650905609131	0.0	1.166898250579834	0.16067811846733093	0.0	0.0	0.19236284494400024	0.21300643682479858
0.21815630793571472	0.0	0.10401180386543274	0.09765589237213135	0.0	0.9802923202514648	0.6132051944732666	0.3034476935863495	0.5168876647949219	0.0	0.3657216727733612	0.10986186563968658
0.2443353831768036	0.0	0.04560888186097145	0.5763474702835083	0.035854656249284744	0.0	0.15392827987670898	0.2492971122264862	0.14062157273292542	0.0	0.7028870582580566	0.3383745849132538
0.7559617757797241	0.0	0.08362569659948349	0.38360071182250977	0.07531527429819107	0.42224010825157166	0.0	0.5504775643348694	0.5478860139846802	0.6105221509933472	1.1458740234375	0.4992418885231018
0.6691790819168091	0.0	0.17646938562393188	0.0	0.0726776272058487	0.0	0.24570156633853912	0.7557536959648132	0.12480638921260834	0.0	0.4152654707431793	0.36530670523643494
0.3333101272583008	0.0	0.0	0.1055813655257225	0.0	0.5067550539970398	0.601135790348053	0.08608554303646088	0.18464285135269165	0.0	0.4388425946235657	0.0
0.3450626730918884	0.0	0.0	0.2454020231962204	0.0	0.4522562325000763	0.38823971152305603	0.0	0.0	0.0	0.6457737684249878	0.29367268085479736
0.29171133041381836	0.0	0.10192395746707916	0.0	0.4713200032711029	0.752151370048523	0.21168766915798187	0.33660832047462463	0.9196541905403137	0.1836058795452118	0.1748621016740799	0.19542914628982544
0.0738452821969986	0.5360164642333984	0.0	0.2636297643184662	0.0672827884554863	0.6886834502220154	0.0	0.0	0.0	0.0	0.39011549949645996	0.17365209758281708
0.13439792394638062	0.0	0.013287670910358429	0.0	0.16964958608150482	0.0	0.0	0.21028074622154236	0.0	0.0	0.08031873404979706	0.34315225481987
0.346503347158432	0.18253840506076813	0.0	0.34970566630363464	0.0	0.0	0.0	0.47579601407051086	0.0	0.0	0.29432907700538635	0.46381551027297974
0.18068581819534302	0.0	0.23174671828746796	0.0	0.11526226997375488	0.0	0.5336222052574158	0.25927403569221497	0.5928360223770142	0.05733836442232132	0.0	0.0
0.5387346148490906	0.46731168031692505	0.0	0.7060416340827942	0.18662674725055695	0.4264225661754608	0.0	0.10631870478391647	0.6462799310684204	0.49408432841300964	0.432848185300827	0.040409721434116364
0.27493995428085327	0.19273792207241058	0.0	0.06808754801750183	0.0	0.5995630025863647	0.43340107798576355	0.17842920124530792	0.2185911238193512	0.0	0.3599214553833008	0.0
0.16613255441188812	0.0	0.07495376467704773	0.0	0.0	0.0017993785440921783	0.7662346363067627	0.2935068607330322	0.3037867248058319	0.0	0.0	0.20748811960220337
0.15753096342086792	0.027427390217781067	0.3854054808616638	0.34561777114868164	0.5433911681175232	0.0	0.06648053973913193	0.19029124081134796	0.0847124382853508	0.24057124555110931	0.16681483387947083	0.19177323579788208
0.1461632251739502	0.0	0.08680853247642517	0.1118689477443695	0.0	0.12242823094129562	0.829071581363678	0.253375768661499	0.14218103885650635	0.0	0.2521525025367737	0.2876698970794678
0.17707136273384094	0.25153398513793945	0.06267252564430237	0.5706851482391357	0.0	0.0	0.7165564298629761	0.35011371970176697	0.5800606608390808	0.29527547955513	0.0	0.30370256304740906
0.44013169407844543	0.3295370936393738	0.05069561302661896	0.08410286903381348	0.09174005687236786	0.0	0.0	0.16043804585933685	0.0	0.0	0.5535132884979248	0.0
0.7896068692207336	0.17582814395427704	0.0	0.10192718356847763	0.0	0.27992910146713257	0.08848991990089417	0.6790938377380371	0.0	0.0	0.4595086872577667	0.4268577992916107
0.38712626695632935	0.0	0.0399760864675045	0.0	0.1257462203502655	0.03912562131881714	0.0	0.25443464517593384	0.0	0.0	0.4095395505428314	0.326533704996109
0.47410112619400024	0.0	0.3168494403362274	0.5920639038085938	0.2420620620250702	0.3147779405117035	0.2875434160232544	0.18364317715168	0.5108108520507812	1.044069528579712	0.766638994216919	0.0
0.164571151137352	0.06325910985469818	0.16548940539360046	0.0	0.12653180956840515	0.9659554958343506	0.046361830085515976	0.0	0.8743433356285095	0.36179468035697937	0.07338830828666687	0.0
0.2558607757091522	0.1786285936832428	0.0	0.0532447025179863	0.0	0.4581725597381592	0.0	0.037881746888160706	0.0	0.0	0.3598431348800659	0.0
0.1267625093460083	0.0	0.15665768086910248	0.0	0.17058050632476807	0.005245894193649292	0.0	0.16635926067829132	0.0	0.01769900880753994	0.1994834989309311	0.2060549408197403
0.037523914128541946	0.0	0.25138524174690247	0.05811772122979164	0.03070765733718872	0.24071405827999115	0.5787108540534973	0.17887277901172638	0.6024954319000244	0.3518807291984558	0.0	0.0
0.39844152331352234	0.32534903287887573	0.0	0.0	0.0	0.22957190871238708	0.0	0.3144338130950928	0.05703291296958923	0.0	0.28902801871299744	0.09398964792490005
0.6911696791648865	0.6770083904266357	0.25047433376312256	0.9472546577453613	0.22151347994804382	0.1869947612285614	0.0	0.7320982217788696	0.7838057279586792	0.9071739315986633	0.23557430505752563	0.7398233413696289
0.36766475439071655	0.0	0.24556823074817657	0.0	0.0	0.0	0.9449889659881592	0.7405794262886047	0.4809350073337555	0.33469879627227783	0.0	0.7340540289878845
0.23771026730537415	0.0	0.5623068809509277	0.0	0.17748165130615234	0.23702359199523926	0.35718199610710144	0.20218418538570404	0.4240087568759918	0.0	0.02738390490412712	0.0
0.7082022428512573	0.0	0.37645551562309265	0.5294157266616821	0.22564974427223206	0.0	0.26423951983451843	0.29561370611190796	0.13004261255264282	0.4489452838897705	0.9816762208938599	0.38474899530410767
0.39188873767852783	0.0	0.0	0.5497540235519409	0.0	0.31819459795951843	0.5910472273826599	0.2989436686038971	0.07452547550201416	0.0	0.9494121074676514	0.37407180666923523
0.10014115273952484	0.0	0.3874564468860626	0.10635370016098022	0.5618336796760559	0.10367743670940399	0.0	0.04152795299887657	0.44387274980545044	0.0	0.2332809418439865	0.08704961836338043
0.1613239347934723	0.0	0.027775438502430916	0.0	0.18173201382160187	0.0	0.0	0.3082846403121948	0.0	0.0	0.18614040315151215	0.4737856686115265
0.0	0.24588324129581451	0.0	0.22198261320590973	0.43753582239151	0.12576544284820557	0.0	0.16881807148456573	0.18598079681396484	0.0	0.21758578717708588	0.6466560363769531
0.0	0.468765527009964	0.581878662109375	0.2465008944272995	0.6381773352622986	0.0	0.0	0.023873314261436462	0.26910051703453064	0.0	0.0	0.2519759237766266
0.09506959468126297	0.0	0.28877654671669006	0.38862401247024536	0.3886684477329254	0.6414437294006348	0.6755197644233704	0.21413759887218475	0.9534200429916382	0.036596715450286865	0.5548620223999023	0.08115452527999878
0.11952704936265945	0.135987788438797	0.0	0.19373886287212372	0.0	1.1088626384735107	0.0	0.0	0.0	0.0	0.3531886339187622	0.0
0.05171006917953491	0.0	0.36946964263916016	0.21899713575839996	0.5054473280906677	0.2745662033557892	0.0	0.13619160652160645	0.19331635534763336	0.0	0.31912142038345337	0.07244762033224106
0.3225867450237274	0.15270058810710907	0.0055720144882798195	0.3330834209918976	0.24366343021392822	0.0	0.41599413752555847	0.5931360125541687	0.0	0.022210046648979187	0.1173497661948204	0.5708523988723755
0.33336299657821655	0.8627303838729858	0.040518950670957565	0.20321236550807953	0.14679022133350372	0.0	0.0	0.0	0.2664371430873871	0.1586335301399231	0.1787967085838318	0.0283709317445755
0.41768327355384827	0.08248154073953629	0.0	0.0	0.0	0.706902801990509	0.0	0.24959464371204376	0.0	0.0	0.7948647737503052	0.230013906955719
0.1471720188856125	0.0016794936964288354	0.10958974063396454	0.2527958154678345	0.40021809935569763	0.05980239808559418	0.04874569922685623	0.26800522208213806	0.4615907669067383	0.19434374570846558	0.22141128778457642	0.5584704875946045
0.23554304242134094	0.38719236850738525	0.0	0.04341810941696167	0.0	0.5731596946716309	0.0	0.0	0.0	0.0	0.5023195147514343	0.1699986606836319
0.28774508833885193	0.16837142407894135	0.0	0.0	0.0	0.6025392413139343	0.0	0.0	0.0	0.0	0.6171497106552124	0.0
0.6051296591758728	0.0	0.16345833241939545	0.0	0.3498460352420807	0.0	0.2042698711156845	0.7673025131225586	0.40542328357696533	0.7021551132202148	0.0017628371715545654	0.5786352157592773
0.11363917589187622	0.0	0.2300269603729248	0.051001742482185364	0.5329562425613403	0.13796749711036682	0.0	0.0041909972205758095	0.6180063486099243	0.0	0.0	0.585972785949707
0.12774890661239624	0.0	0.382362961769104	0.22918252646923065	0.022488519549369812	0.0	0.2151193618774414	0.007691222243010998	0.16613459587097168	0.0	0.3970184326171875	0.3363911211490631
0.5294402241706848	0.0	0.3329002559185028	0.8479709029197693	0.1575145274400711	0.0	0.5003702044487	0.4332243502140045	0.45498818159103394	0.7770236730575562	0.7832822203636169	0.25907257199287415
0.44104376435279846	0.4260079860687256	0.10123621672391891	0.35271990299224854	0.0	0.24892018735408783	0.23721306025981903	0.313557893037796	0.6712276935577393	0.43548691272735596	0.0	0.4633479714393616
0.6878509521484375	0.009816795587539673	0.0	0.23733443021774292	0.0	0.3511934280395508	0.23392164707183838	0.524090051651001	0.0	0.0	0.775100588798523	0.18396972119808197
0.25105002522468567	0.6278924345970154	0.0	0.0	0.0	0.2593710422515869	0.0	0.0	0.0	0.0	0.21980635821819305	0.3458905816078186
0.4921892285346985	0.0	0.362554132938385	0.0	0.0	0.48775336146354675	0.18925175070762634	0.4597216546535492	0.34101399779319763	0.0	0.3966357111930847	0.5115692615509033
0.20496225357055664	0.09654675424098969	0.30979734659194946	0.44203293323516846	0.11916504800319672	0.31331467628479004	0.0	0.33075061440467834	0.37701067328453064	0.0	0.03654292970895767	0.44332513213157654
0.0	0.46265947818756104	0.0	0.2718803286552429	0.0	0.49149349331855774	0.0	0.0	0.0	0.0	0.3938618302345276	0.0
0.0	0.9925767779350281	0.07912051677703857	0.0	0.07557573914527893	1.3648521900177002	0.0	0.0	0.6510889530181885	0.0	0.0	0.0
0.15936923027038574	0.4166039824485779	0.3559933006763458	0.13611151278018951	0.8529317378997803	0.0	0.0	0.22443722188472748	0.0	0.15095487236976624	0.36978474259376526	0.5998382568359375
0.0	0.17533692717552185	0.4120924174785614	0.0	0.9085761308670044	0.7837530970573425	0.0	0.0	1.220906138420105	0.03772774338722229	0.0	0.0
1.1911147832870483	0.0	0.0	0.0	0.0	0.0679469183087349	0.7812925577163696	0.4281890392303467	0.0	0.0	1.3873564004898071	0.3706439733505249
0.3961264193058014	0.6098906397819519	0.019992876797914505	0.133906751871109	0.0	0.0	0.3494458496570587	0.32627737522125244	0.3014936149120331	0.28555241227149963	0.00046193599700927734	0.0
0.6929206848144531	0.0	0.5499991774559021	0.0	0.16537505388259888	0.0	1.2517746686935425	0.42498481273651123	0.19460678100585938	0.0	0.44344836473464966	0.03759295120835304
0.0	0.8527674674987793	0.17606613039970398	0.29925426840782166	0.7133336067199707	0.0	0.0	0.0	0.0	0.0	0.0	0.6226041913032532
0.1466439962387085	0.0	0.04766862466931343	0.18010474741458893	0.0	0.6695753335952759	0.3580480217933655	0.008036299608647823	0.22748874127864838	0.0	0.6032512187957764	0.042187221348285675
0.09367578476667404	0.0	0.6557116508483887	0.2997870445251465	0.3364005982875824	0.12177091836929321	0.8796539902687073	0.39508727192878723	0.6182205677032471	0.2581045627593994	0.0	0.2258625328540802
0.2559037208557129	0.0	0.06336888670921326	0.0	0.0	1.3666636943817139	0.2425527423620224	0.017227355390787125	0.33033135533332825	0.0	0.540276050567627	0.05151223763823509
0.3680593967437744	0.0	0.39645397663116455	0.1955772340297699	0.061901822686195374	0.0	0.41265347599983215	0.20646467804908752	0.5696613788604736	0.41236117482185364	0.1954754739999771	0.36170655488967896
0.2700336277484894	0.10349641740322113	0.0	0.0	0.0	0.3235531151294708	0.4040149450302124	0.33316516876220703	0.10641565918922424	0.0	0.024410707876086235	0.21007129549980164
0.7897928953170776	0.14112767577171326	0.21102751791477203	0.0	0.289630264043808	0.0	0.1199708804488182	0.6278868317604065	0.023083455860614777	0.30361229181289673	0.6693164706230164	0.1286933273077011
0.2410041093826294	0.04319353774189949	0.0	0.0	0.3202815055847168	0.009950205683708191	0.0	0.23979264497756958	0.34883564710617065	0.5226134657859802	0.16122056543827057	0.10529780387878418
0.010863477364182472	0.4768015146255493	0.0	0.19949756562709808	0.030737489461898804	0.6282731294631958	0.0	0.0	0.0	0.0	0.24640704691410065	0.14298240840435028
0.5731860399246216	0.0	0.5042022466659546	0.0	0.3597892224788666	0.0	0.5225979685783386	0.276303231716156	0.06248119845986366	0.0	0.030881980434060097	0.6843029856681824
0.06850574910640717	0.0	0.5677880048751831	0.015587445348501205	0.5512272119522095	0.0	0.49983713030815125	0.1852724850177765	0.6754212379455566	0.16285693645477295	0.12770181894302368	0.0
0.2966306507587433	0.5096062421798706	0.4691641628742218	0.06783341616392136	0.21494849026203156	0.0	0.0847310721874237	0.01983908750116825	0.0	0.0	0.0	0.36041897535324097
0.2499479055404663	0.060183849185705185	0.15488308668136597	0.5052869319915771	0.40955233573913574	0.0	0.24039208889007568	0.33627521991729736	0.4885615408420563	0.6427340507507324	0.17284297943115234	0.14356346428394318
0.05429470166563988	0.4900193214416504	0.0	0.06544633954763412	0.0	1.8488930463790894	0.0	0.0	0.0	0.0	0.2384788542985916	0.0
0.7929637432098389	0.0	0.6764185428619385	0.127921462059021	0.3566156327724457	0.26700469851493835	0.2623620331287384	0.4311724007129669	0.4771457016468048	0.0315704271197319	0.8783136606216431	0.4043193459510803
0.0	0.1954399198293686	0.310637891292572	0.020092787221074104	0.27508285641670227	0.2000572234392166	0.0	0.0	0.10612990707159042	0.0	0.0	0.10922837257385254
0.9395250678062439	0.20398512482643127	0.004835635423660278	0.6310322284698486	0.35708051919937134	0.0	0.0	0.2525508999824524	0.0	0.0	1.7238532304763794	0.6053856015205383
0.6074230074882507	0.4363226592540741	0.001026925747282803	0.4684017598628998	0.6274469494819641	0.0	0.0	0.09419266134500504	0.0	0.31070178747177124	0.8123326897621155	0.4601840376853943
0.02726420946419239	0.0	0.4114033579826355	0.43861132860183716	0.22282299399375916	0.715232789516449	0.46922627091407776	0.0342751145362854	0.6477975249290466	0.0	0.3351624011993408	0.24241243302822113
0.19248110055923462	0.0	0.09130319952964783	0.00843906681984663	0.0	1.1140588521957397	0.5687140822410583	0.09431721270084381	0.31818830966949463	0.0	0.378791868686676	0.0
0.39485281705856323	0.0	0.3236673176288605	0.0	0.12585115432739258	0.0	0.6313246488571167	0.4754487872123718	0.22771906852722168	0.24650496244430542	0.1406787633895874	0.018384957686066628
0.31572648882865906	0.0	0.0	0.0	0.0	1.0289567708969116	0.0	0.10719422250986099	0.04470565915107727	0.0	0.46581482887268066	0.17555436491966248
0.5434964895248413	0.7643543481826782	0.0	0.08110761642456055	0.0	0.548674464225769	0.027303505688905716	0.30673062801361084	0.08739804476499557	0.0	0.29108187556266785	0.0
0.8670536875724792	0.0	0.09113548696041107	0.2687489986419678	0.0	0.0	1.2423458099365234	0.5642894506454468	0.0	0.0	1.1987764835357666	0.748996376991272
0.24586232006549835	0.0	0.19856691360473633	0.21073821187019348	0.2592611014842987	0.0	0.5940178632736206	0.45519694685935974	0.026802832260727882	0.4797493517398834	0.14481249451637268	0.3062097728252411
0.09904016554355621	0.4190112054347992	0.0	0.26913705468177795	0.043942391872406006	0.22249367833137512	0.0	0.10327044129371643	0.0	0.0	0.506786048412323	0.04794396832585335
0.7318487167358398	0.0	0.0	0.9475539326667786	0.0	0.4666628837585449	0.25344011187553406	0.2244894951581955	0.3317553699016571	0.0	1.5190296173095703	0.0777253583073616
0.28180593252182007	0.4212297797203064	0.3109170198440552	0.40917137265205383	0.7685049772262573	0.0	0.09610962867736816	0.5982629656791687	0.0	0.5615761876106262	0.0	0.41415300965309143
0.4033697843551636	0.3150815963745117	0.0	0.0	0.0	0.5067058801651001	0.0	0.3787551522254944	0.0	0.0	0.3911876082420349	0.06012726575136185
1.135206937789917	0.8425776958465576	0.1608508825302124	0.233896866440773	0.2665124237537384	0.0	0.0	0.7621014714241028	0.0	0.11438050121068954	1.0876396894454956	0.058594316244125366
0.12671446800231934	0.0	0.7713927030563354	0.5359117388725281	0.728104293346405	0.0	0.38373929262161255	0.4804634153842926	0.20782728493213654	0.4923972189426422	0.12800858914852142	0.0
0.2183493673801422	0.0	0.287301629781723	0.08616068959236145	0.07759925723075867	0.8081653118133545	0.48894035816192627	0.26475080847740173	0.7971134781837463	0.0	0.43887194991111755	0.18154242634773254
0.027258744463324547	0.2187449038028717	0.3450928330421448	0.003861478064209223	0.07462689280509949	1.4016172885894775	0.48766443133354187	0.0	0.21445871889591217	0.0	0.00719125010073185	0.09520584344863892
0.29379987716674805	0.34470897912979126	0.0	0.15691636502742767	0.0	0.7569748163223267	0.014087148942053318	0.0838882327079773	0.5734341740608215	0.0	0.17649857699871063	0.06638143956661224
0.1355280578136444	0.49314355850219727	0.1759239286184311	0.321798175573349	0.33209967613220215	0.0	0.0	0.057192832231521606	0.0	0.0	0.24654468894004822	0.01383989304304123
0.1857062727212906	0.0	0.0	0.09456456452608109	0.0	0.19089242815971375	0.2988069951534271	0.1206648126244545	0.0	0.0	0.5539710521697998	0.17294712364673615
0.4181814193725586	0.0	0.29846465587615967	0.0	0.1124027669429779	0.4542419910430908	0.2874949872493744	0.008439023047685623	0.06993469595909119	0.0	0.6189730167388916	0.0
1.0776653289794922	0.35398122668266296	0.0	0.07145342230796814	0.019616445526480675	0.5363778471946716	0.0	0.4496813118457794	0.0	0.0	0.8790222406387329	0.03784491494297981
0.3662232756614685	0.007110807579010725	0.3487538695335388	0.0	0.30029159784317017	0.8903447985649109	0.031170666217803955	0.20629583299160004	0.4487108588218689	0.26840096712112427	0.34059226512908936	0.0
0.0	1.8630427122116089	1.9489006996154785	1.3669910430908203	3.2720143795013428	0.0	1.2965549230575562	0.2532707750797272	4.161021709442139	4.848697185516357	0.0	0.0
0.058159902691841125	0.05561196804046631	0.0	0.34069982171058655	0.0	0.8182678818702698	0.02674298733472824	0.031871456652879715	0.18735525012016296	0.0	0.6762192249298096	0.0
0.6184614896774292	0.3496854305267334	0.0	0.17986910045146942	0.15289200842380524	0.0	0.0	0.6673727035522461	0.0	0.0911911353468895	0.18954569101333618	0.33906036615371704
0.3605583906173706	0.048649195581674576	0.3420388698577881	0.07165274024009705	0.5172542333602905	0.0	0.0	0.43987101316452026	0.21137557923793793	0.574955403804779	0.19146251678466797	0.032688114792108536
0.44099894165992737	0.6602213382720947	0.44501736760139465	0.4964223802089691	0.5793666243553162	0.0	0.0	0.4168239235877991	0.11649404466152191	0.366070955991745	0.0	0.3736540377140045
0.1183246597647667	0.0	0.5983873009681702	0.018145116046071053	0.30901458859443665	0.0	0.7949655055999756	0.0876489132642746	0.0	0.0	0.37427735328674316	0.1945037692785263
0.2539052963256836	0.0	0.0	0.0	0.0	0.6825083494186401	0.013198536820709705	0.01142289862036705	0.0	0.0	0.6663167476654053	0.09089067578315735
0.22047290205955505	0.7195976972579956	0.16642063856124878	0.5020831227302551	0.6366835832595825	0.0	0.0	0.35401952266693115	0.0	0.3131052851676941	0.1331474781036377	0.42000603675842285
0.354220986366272	0.0	0.5396179556846619	0.09685153514146805	0.2408997118473053	0.0015669465065002441	0.13222987949848175	0.528331995010376	0.24113227427005768	0.37330254912376404	0.005938888061791658	0.5319859981536865
0.27570730447769165	0.0	0.12490594387054443	0.22032585740089417	0.0	0.269415944814682	0.10550286620855331	0.23539607226848602	0.0	0.0	0.554233968257904	0.3490256667137146
0.23979924619197845	0.0	0.0	0.647651195526123	0.35040053725242615	0.0	0.0	0.15075072646141052	0.0	0.32631611824035645	0.806288480758667	0.17563989758491516
0.0	0.14613722264766693	0.666576623916626	0.2312643826007843	0.7293662428855896	0.0	0.0	0.15044046938419342	0.0	0.31615346670150757	0.0	0.18097257614135742
0.4280647933483124	0.0	0.2335347980260849	0.14218862354755402	0.33368736505508423	0.0	0.2981768548488617	0.6269955635070801	0.0	0.3986641466617584	0.3058900833129883	0.43771952390670776
0.2732131779193878	0.13121895492076874	0.6434353590011597	0.0	0.49505937099456787	0.26640835404396057	0.49792975187301636	0.214194655418396	0.900905966758728	0.2483004331588745	0.0	0.16359050571918488
0.0	0.0	0.8714015483856201	0.3922368884086609	0.7618197202682495	0.0	0.26022785902023315	0.3478386104106903	0.6584617495536804	0.9069209098815918	0.0	0.4690737724304199
0.3317038416862488	0.0	0.40021684765815735	0.0	0.0	0.6048994064331055	0.4984649419784546	0.3253200650215149	0.43730929493904114	0.0	0.16952252388000488	0.20804113149642944
0.4348098039627075	0.31162580847740173	0.0	0.7959758043289185	0.08444682508707047	0.0	0.0	0.21754920482635498	0.0	0.5999574661254883	0.24999366700649261	0.04155755415558815
0.8046786785125732	0.06766980141401291	0.353292852640152	0.34883350133895874	0.4544679522514343	0.0	0.16023901104927063	1.2836475372314453	0.31429529190063477	0.7963234782218933	0.20046743750572205	1.6602329015731812
0.16486714780330658	0.11102547496557236	0.0	0.0	0.0	0.7394415736198425	0.5376682281494141	0.26519638299942017	0.20107191801071167	0.0	0.09302578121423721	0.021162688732147217
0.06303564459085464	0.7797567844390869	0.0	0.2897545397281647	0.0	0.08921581506729126	0.0	0.0	0.0	0.0	0.27443522214889526	0.0
0.41801655292510986	0.0	0.0	0.0	0.0	0.7223737239837646	0.8113756775856018	0.02366100251674652	0.0	0.0	0.36931923031806946	0.0
0.3816373944282532	0.08137846738100052	0.5855657458305359	0.5568990707397461	0.5754091143608093	0.0	0.4686054587364197	0.26785391569137573	0.18359437584877014	0.5531663298606873	0.43457236886024475	0.11762045323848724
0.04232366010546684	0.0	0.4033608138561249	0.47623926401138306	0.6901299357414246	0.0	0.0	0.35170334577560425	0.14865368604660034	0.6528932452201843	0.35281825065612793	0.3055407702922821
0.21655167639255524	0.0	0.09776928275823593	0.0	0.18297028541564941	0.0	0.358122855424881	0.44091272354125977	0.25664204359054565	0.6078205108642578	0.2784293293952942	0.31256261467933655
0.024589387699961662	0.0	0.09897074103355408	0.22144371271133423	0.27478116750717163	0.7209011316299438	0.0	0.018581414595246315	0.3588353395462036	0.0	0.29026129841804504	0.06532172858715057
0.49482226371765137	0.0	0.0	0.3345717191696167	0.022667579352855682	0.20125727355480194	0.0	0.12085536122322083	0.0	0.09930037707090378	0.2733937203884125	0.0
0.3789559006690979	0.8157622814178467	0.19175198674201965	0.5517439842224121	0.3518516719341278	0.0	0.2840593755245209	0.48789939284324646	0.01236590463668108	0.0038131370674818754	0.4514814019203186	0.4475093185901642
0.5149353742599487	0.0	0.6447991132736206	0.0	0.2391097992658615	0.0	0.3122546672821045	0.40810632705688477	0.2263665795326233	0.5060694813728333	0.22831383347511292	0.6355330944061279
0.2671842873096466	0.18588553369045258	0.0	0.09891138970851898	0.0667390376329422	0.8031964302062988	0.0	0.2843775153160095	0.39810746908187866	0.2884543538093567	0.44912493228912354	0.4459969401359558
0.013877412304282188	0.0	0.4108552038669586	0.0005502016865648329	0.436687171459198	0.0	0.09226414561271667	0.1457878053188324	0.6829638481140137	0.5895724296569824	0.0	0.2672370970249176
0.2164069563150406	0.5312375426292419	0.43748146295547485	0.41386541724205017	1.020371913909912	1.0640534162521362	0.005905515514314175	0.19859780371189117	1.0421266555786133	0.5677921772003174	0.030901312828063965	0.0
0.04309091344475746	1.3220651149749756	0.38999271392822266	0.5142516493797302	0.6123393774032593	0.0	0.0	0.1332903504371643	0.3615568280220032	0.698654294013977	0.2491525560617447	0.40070217847824097
0.8294579386711121	0.0	0.2717399001121521	0.0	0.0	0.0	1.0701159238815308	0.5767704844474792	0.8804202079772949	0.4261721968650818	0.5964292287826538	0.4292862117290497
0.3625887632369995	0.2125827968120575	0.0	0.18419115245342255	0.0	0.6295787692070007	0.08166869729757309	0.19960835576057434	0.4704868197441101	0.021133098751306534	0.3705616593360901	0.01695108227431774
0.22969676554203033	0.06289391964673996	0.0	0.3406246602535248	0.0	0.0	0.0	0.2233421504497528	0.0	0.0	0.43950146436691284	0.08334982395172119
0.35074323415756226	0.0	0.2803140878677368	0.0	0.09961793571710587	0.0	0.7597247362136841	0.5783123970031738	0.20360074937343597	0.0	0.13155615329742432	0.33754122257232666
0.1040184274315834	0.0	0.841788649559021	0.30281680822372437	0.6974628567695618	0.0	0.6236743330955505	0.22891691327095032	0.8649996519088745	0.020961103960871696	0.0	0.43321681022644043
0.8464787006378174	0.36048710346221924	0.0	0.2429506927728653	0.2811039686203003	0.0	0.0	0.5819969177246094	0.0	0.0	0.48125821352005005	0.2707842290401459
0.11551252007484436	0.0	0.3961782455444336	0.0	0.03479122743010521	0.42836374044418335	0.5130336880683899	0.17161531746387482	0.70435631275177	0.05779284983873367	0.4139304459095001	0.006696328055113554
0.17787638306617737	0.7792481780052185	0.0	0.016716251149773598	0.0	0.680741548538208	0.0	0.03306595981121063	0.09558108448982239	0.0	0.17788390815258026	0.0
0.7578012943267822	0.0	0.0	0.0	0.0	0.18960486352443695	0.40241098403930664	0.6145362854003906	0.0	0.0	0.5120435357093811	0.04246120527386665
0.4614522159099579	0.03518456220626831	0.459797739982605	0.0	0.0	0.3007299304008484	0.10364702343940735	0.5387831926345825	0.03449181467294693	0.0	0.21307894587516785	0.30857545137405396
0.266101598739624	0.32150447368621826	0.0	0.10532371699810028	0.0	0.11737866699695587	0.25268810987472534	0.3926982879638672	0.0	0.0	0.0	0.005906273610889912
0.2568794786930084	0.6931493282318115	0.0	0.0	0.0	0.38025739789009094	0.0	0.0	0.0	0.0	0.38654911518096924	0.09234446287155151
0.26164132356643677	0.0	0.0004937321064062417	0.15839877724647522	0.0	0.08270332217216492	0.4076331853866577	0.2702251672744751	0.16885444521903992	0.0	0.662163496017456	0.28156688809394836
0.31825435161590576	0.0	0.0	0.7667179107666016	0.0	0.29988574981689453	0.39771372079849243	0.21140049397945404	0.22725796699523926	0.0	1.042358160018921	0.2457515299320221
0.4421740174293518	0.637205183506012	0.0	0.15849998593330383	0.0	0.31564512848854065	0.0	0.07898639142513275	0.0	0.0	0.3756249248981476	0.1376086175441742
0.05027446150779724	0.3799639344215393	0.09569571167230606	0.26345184445381165	0.44599685072898865	0.0	0.0	0.14304442703723907	0.0	0.0	0.30390411615371704	0.2422388195991516
0.1313573122024536	0.4167443811893463	0.0	0.07193583995103836	0.052660372108221054	0.0	0.0	0.15091773867607117	0.13048012554645538	0.0	0.06675510108470917	0.0
0.5385581254959106	0.5477994084358215	0.07637977600097656	0.44865912199020386	0.4340047538280487	0.0	0.0	0.5075395107269287	0.05067920312285423	0.6571321487426758	0.5803292989730835	0.47357675433158875
0.9045450687408447	0.0	0.29163435101509094	0.0	0.02078140154480934	0.0	0.5942578315734863	0.3288167715072632	0.29011696577072144	0.3639414310455322	1.219944953918457	0.21958768367767334
0.13216792047023773	0.049854353070259094	0.0	0.0	0.0	1.1237424612045288	0.0	0.0	0.012399256229400635	0.0	0.21431490778923035	0.15744714438915253
0.0	0.363345205783844	0.0	0.0	0.2002301961183548	0.0	0.0	0.04821811616420746	0.0	0.0	0.06672805547714233	0.0
0.30934104323387146	0.9258415102958679	0.0	0.0	0.0	0.40339165925979614	0.0	0.0	0.0	0.0	0.20455937087535858	0.12444762140512466
0.14184409379959106	0.0	0.7395690083503723	0.022785013541579247	0.7886052131652832	0.3497304320335388	0.46629905700683594	0.3054964542388916	0.3600076138973236	0.1578492522239685	0.10782364010810852	0.20912586152553558
0.06061573326587677	1.438435435295105	0.005549903959035873	0.3196135461330414	0.19764961302280426	0.09746547043323517	0.0	0.021271437406539917	0.4741044044494629	0.0	0.0	0.09216885268688202
0.028621874749660492	0.6501941680908203	0.0	0.5536561608314514	0.0	0.21891899406909943	0.0	0.0	0.0	0.0	0.7227895259857178	0.2973068952560425
0.37342575192451477	1.3757202625274658	0.10815270990133286	0.6105358004570007	0.22036629915237427	0.0	0.0	0.5865296721458435	0.4252556264400482	0.69557785987854	0.0	0.20544025301933289
0.16886767745018005	0.0	0.37857547402381897	0.06738953292369843	0.21004442870616913	0.0	0.410828173160553	0.1954188495874405	0.10336906462907791	0.3113105595111847	0.13878047466278076	0.0
1.0338890552520752	0.0	0.0	0.0	0.0	0.0	0.0	0.680862307548523	0.03358781337738037	0.2667706608772278	1.003426194190979	0.20789353549480438
0.3119550347328186	0.17958898842334747	0.0	0.0	0.0	0.0	0.000856444938108325	0.08685842156410217	0.12165971100330353	0.0	0.0	0.16957420110702515
0.4387158751487732	0.0	0.34228312969207764	0.059134311974048615	0.3820219337940216	0.0	0.37960055470466614	0.5952178239822388	0.590617299079895	1.0157315731048584	0.2832607626914978	0.3514364957809448
0.3530098497867584	0.0	0.14541268348693848	0.08823451399803162	0.10439015179872513	0.0	0.27899664640426636	0.3322843909263611	0.08594557642936707	0.17733541131019592	0.5587669610977173	0.0
1.3875702619552612	0.6247807741165161	0.0	0.9760758876800537	0.0	0.03973919153213501	0.8726330995559692	0.05857406556606293	0.0	0.1961498260498047	1.4995882511138916	1.0302711725234985
0.1559760868549347	0.039834629744291306	0.08518265187740326	0.5149284601211548	0.0	0.0	0.0	0.13390187919139862	0.3914875388145447	0.0	0.13475172221660614	0.45698317885398865
0.03361361101269722	0.0	0.0522637814283371	0.05897535756230354	0.057677775621414185	0.5462750196456909	0.29245734214782715	0.03909460827708244	0.601533055305481	0.014903172850608826	0.19445469975471497	0.0
0.7414564490318298	0.0732000395655632	0.017812300473451614	0.2098000943660736	0.0	0.19252026081085205	0.0	0.35337263345718384	0.23545488715171814	0.0	0.7837650179862976	0.3617088198661804
0.13688506186008453	0.4151241183280945	0.660390317440033	0.18144547939300537	0.6073660254478455	0.0	0.0	0.32847562432289124	0.0	0.5518748164176941	0.059443145990371704	0.03575154021382332
0.3039650321006775	1.486007809638977	0.0	0.413480281829834	0.0	0.5479714870452881	0.0	0.0	0.0	0.0	0.2810840606689453	0.0
0.4293849468231201	0.486569344997406	0.0	0.6558718681335449	0.0	0.8196061253547668	0.29961058497428894	0.0	0.3599618673324585	0.0	0.42244887351989746	0.0
0.12941327691078186	0.0	0.6195983290672302	0.18982137739658356	0.6373151540756226	0.0	1.0817712545394897	0.3429357707500458	0.0	0.07164012640714645	0.17908017337322235	0.31792977452278137
0.2684459984302521	0.0	0.1615319848060608	0.0	0.10772401094436646	0.24721327424049377	0.40616023540496826	0.14546068012714386	0.391555517911911	0.0	0.5725445747375488	0.08726469427347183
0.22756832838058472	0.0	0.09313980489969254	0.0	0.0	0.060158707201480865	0.12533053755760193	0.14693786203861237	0.35991397500038147	0.08680754899978638	0.6303771734237671	0.13056109845638275
0.036612555384635925	0.16695939004421234	0.0	0.21157237887382507	0.0	0.7876703143119812	0.18152783811092377	0.0	0.24571970105171204	0.0	0.5340251922607422	0.0
0.20308904349803925	0.0	0.0	0.0	0.0	0.3258373737335205	0.0	0.1761348694562912	0.28420063853263855	0.0	0.26987770199775696	0.39205318689346313
0.16318920254707336	0.0	0.0	0.0	0.0	0.3969862461090088	0.20489399135112762	0.13744109869003296	0.0	0.0	0.1096455305814743	0.059325478971004486
0.1472640186548233	0.14919820427894592	0.008819878101348877	0.0	0.0	0.495545893907547	0.453193724155426	0.008534039370715618	0.0	0.0	0.14905089139938354	0.21169696748256683
0.26774004101753235	0.46875613927841187	0.0	0.6775399446487427	0.007766943424940109	0.46464893221855164	0.0	0.0	0.0	0.0	0.6090474128723145	0.07356978952884674
0.1960873305797577	0.15331457555294037	0.0	0.0	0.0	0.2746838629245758	0.0	0.019052136689424515	0.0	0.0	0.40684422850608826	0.0
0.0007262908620759845	0.49972987174987793	0.0986088365316391	0.17538319528102875	0.25097954273223877	0.1975373923778534	0.0	0.10709160566329956	0.05901051312685013	0.0960502177476883	0.0	0.3726516366004944
0.24499265849590302	0.0	0.17194363474845886	0.13272680342197418	0.47383201122283936	0.0	0.04563184082508087	0.5260710716247559	0.0	0.36090022325515747	0.18060503900051117	0.46332699060440063
0.0	0.3765566647052765	0.20533667504787445	0.4338178336620331	0.29320651292800903	0.0	0.25480785965919495	0.19498011469841003	0.2634057104587555	0.3121422529220581	0.0	0.16575837135314941
0.12692908942699432	0.695635199546814	0.7202972173690796	0.06707184761762619	0.36496245861053467	0.0	0.6913396716117859	0.006527801975607872	0.6918019652366638	0.11600649356842041	0.0	0.0810251235961914
0.0	0.09196320176124573	0.038174793124198914	0.0	0.0	0.39836931228637695	0.2292153537273407	0.0	0.0	0.0	0.0731404647231102	0.0
0.23332394659519196	0.34585314989089966	0.15464144945144653	0.27025341987609863	0.0	0.0	0.12483751773834229	0.28313469886779785	0.0	0.0	0.060245729982852936	0.2891696095466614
0.3876434564590454	0.0	0.011526244692504406	0.3604602813720703	0.19152654707431793	0.0	0.08349434286355972	0.3543369174003601	0.0	0.0	0.5340619087219238	0.24187344312667847
0.1794845312833786	0.0	0.26269766688346863	0.9415686130523682	0.2342107594013214	0.2568027973175049	0.8035836219787598	0.2959176003932953	1.5181626081466675	0.4633130431175232	1.0241832733154297	0.0
0.383492648601532	0.5039280652999878	0.0	0.0	0.0	0.9714770913124084	0.0	0.08559772372245789	0.0	0.0	0.0449475534260273	0.07931258529424667
0.06402749568223953	0.2652280926704407	0.2509443163871765	0.005289607215672731	0.49028319120407104	0.0	0.0	0.06872552633285522	0.0	0.0	0.1976567804813385	0.305749773979187
0.6464404463768005	0.0	0.21067115664482117	0.2615024149417877	0.06663312762975693	0.0	0.47107934951782227	0.15892918407917023	0.0	0.0	0.46327152848243713	0.0793275311589241
0.5174757242202759	0.6805779933929443	0.0	0.3186991512775421	0.0	0.12041998654603958	0.0	0.0	0.0	0.0	0.42402184009552	0.2817445993423462
0.5295889377593994	0.09192705154418945	0.891821026802063	0.09254571795463562	0.4850444793701172	0.0	1.9323835372924805	0.6394118070602417	0.25489670038223267	0.0869264155626297	0.0	0.19901694357395172
0.2767629325389862	0.648800253868103	0.0	0.1839376837015152	0.046726565808057785	0.20245759189128876	0.0	0.2656137943267822	0.0	0.0	0.31811583042144775	0.4828217327594757
0.6357787847518921	0.0	0.5209980607032776	0.5482410788536072	0.34049883484840393	0.0	0.6113467812538147	0.5726585984230042	0.45985645055770874	0.7236392498016357	0.5282468795776367	0.13882100582122803
0.1871081441640854	0.28474539518356323	0.2618153989315033	0.23644275963306427	0.22079455852508545	0.0	0.35325944423675537	0.46161341667175293	0.1770479381084442	0.17849606275558472	0.0	0.28300777077674866
0.16407765448093414	0.0	0.0	0.04548534005880356	0.0	1.301706314086914	0.4361456334590912	0.05376594141125679	0.21431097388267517	0.0	0.5490636229515076	0.0
0.16405294835567474	0.0	0.42093172669410706	0.0	0.48498594760894775	0.8053862452507019	0.0	0.05126819759607315	0.8200923204421997	0.0	0.2320084124803543	0.09699393808841705
0.04030662402510643	0.0	1.0149555206298828	0.1895432323217392	1.4547032117843628	0.0	0.18293896317481995	0.5361984968185425	0.8853845000267029	1.2087604999542236	0.0	0.595285952091217
0.039681341499090195	0.0	0.09828275442123413	0.2641392946243286	0.33324870467185974	0.29334789514541626	0.0	0.0	0.0	0.0	0.6150203943252563	0.0
0.21047592163085938	0.0	0.05482098460197449	0.26050665974617004	0.0	0.9978067278862	0.3829692304134369	0.10866289585828781	0.7332121729850769	0.0	0.47861266136169434	0.0
0.3431260883808136	0.1389579027891159	0.5233990550041199	0.1619710624217987	0.4966040253639221	0.0	0.2128775268793106	0.5128133296966553	0.4781534671783447	0.868435263633728	0.0	0.210036963224411
0.09054278582334518	0.0	0.4133901000022888	0.0	0.3768540322780609	0.010689318180084229	0.23389604687690735	0.10232424736022949	0.256194144487381	0.0	0.10902408510446548	0.046245276927948
0.15709012746810913	0.0	0.3567659854888916	0.6182875633239746	0.09166621416807175	0.037165284156799316	0.6565192937850952	0.16019554436206818	0.2793874442577362	0.017658526077866554	0.5831983685493469	0.031139785423874855
0.5065019130706787	0.1525489091873169	0.0	0.03443582355976105	0.0	1.1008496284484863	0.0	0.011365022510290146	0.041684672236442566	0.0	0.5836781859397888	0.0
0.23612980544567108	0.0	0.17806385457515717	0.0	0.058555975556373596	0.5382248163223267	0.0	0.09561586380004883	0.0	0.0	0.5723249912261963	0.3008129298686981
0.6397411823272705	0.0	0.0	0.0	0.0	0.3581832945346832	0.33729177713394165	0.46715760231018066	0.2264428436756134	0.10067562758922577	0.4328615665435791	0.2297341674566269
0.20880970358848572	0.0	0.35749703645706177	0.1783602088689804	0.0	0.1265675127506256	0.5984010100364685	0.18282140791416168	0.5061909556388855	0.0	0.21389751136302948	0.20541837811470032
0.24113570153713226	0.06185366213321686	0.6209781765937805	0.0	0.27636992931365967	0.0	0.7645602226257324	0.1820390671491623	0.31563588976860046	0.245829775929451	0.0	0.0059718661941587925
0.038477785885334015	0.7552297115325928	0.0	0.3016734719276428	0.0	0.5291208624839783	0.0	0.02878803014755249	0.0	0.0	0.30836576223373413	0.2538769245147705
0.4871912896633148	0.07035745680332184	0.11640159785747528	0.5532308220863342	0.0	0.6284099817276001	1.1574169397354126	0.1893559843301773	0.6221334934234619	0.0	0.6732409000396729	0.04012526944279671
0.18691793084144592	0.3548326790332794	0.29879868030548096	0.2013564109802246	0.519075870513916	0.0	0.0	0.11214302480220795	0.028993703424930573	0.19428148865699768	0.1288418024778366	0.3140089809894562
0.1460479497909546	0.0	0.0706770122051239	0.0	0.0802222192287445	0.8959448337554932	0.3005619943141937	0.020349010825157166	0.7892333269119263	0.0	0.08620283007621765	0.029666179791092873
0.35618534684181213	0.0	0.0	0.0	0.0	0.3409954309463501	0.0	0.07120977342128754	0.0	0.0	0.4877932667732239	0.14677442610263824
0.6113736629486084	0.0	0.9035589694976807	0.10287335515022278	0.7287803888320923	0.0	1.32668936252594	0.8966202735900879	0.5298842787742615	0.5865384936332703	0.0	0.6532136797904968
0.24436359107494354	0.0	0.10644014179706573	0.28937605023384094	0.09564758092164993	0.0	0.0	0.16665203869342804	0.16703161597251892	0.017204254865646362	0.6629707217216492	0.14363227784633636
0.0	0.16237802803516388	0.3998745083808899	0.44299259781837463	0.9194652438163757	0.0	0.0	0.2843204438686371	0.36260396242141724	0.773125410079956	0.0	0.3508918881416321
0.13015399873256683	0.0	0.1973150670528412	0.09307470917701721	0.0	0.0	1.0358047485351562	0.3078700602054596	0.31067049503326416	0.2628113329410553	0.0	0.0
0.23439915478229523	0.0	0.0	0.03560301661491394	0.0	0.11995882540941238	0.7239317893981934	0.5235110521316528	0.03807758539915085	0.07613169401884079	0.0723261758685112	0.3167107105255127
0.09641595929861069	0.44412076473236084	0.38899102807044983	0.058499060571193695	0.6849269866943359	0.0	0.0	0.08242658525705338	0.0	0.0	0.29370003938674927	0.22914306819438934
0.5633441805839539	0.0	0.1609066128730774	0.2006748467683792	0.2666545510292053	0.0	0.12575940787792206	0.3461952805519104	0.0	0.0	0.9345132112503052	0.6190606355667114
0.0680481493473053	0.0	0.23704132437705994	0.0738871768116951	0.0	0.35733282566070557	0.40253567695617676	0.3036051392555237	0.1520320177078247	0.0	0.1560950130224228	0.0
0.5671911239624023	0.0	0.9699292778968811	0.3518546223640442	0.8533717393875122	0.0	0.6173955202102661	1.1033735275268555	0.9328293800354004	1.5107516050338745	0.462092787027359	1.0582997798919678
0.5891138315200806	0.0	0.0	0.0	0.0	0.7916820049285889	0.0	0.06668265163898468	0.0	0.0	0.5434623956680298	0.0
0.2591072916984558	0.0	0.019801661372184753	0.1771063208580017	0.17927731573581696	0.037053823471069336	0.0	0.3970646262168884	0.0	0.08273609727621078	0.33491307497024536	0.1321285367012024
0.4957112669944763	0.608933687210083	0.03715234994888306	0.0	0.0	0.5073035359382629	0.7838971018791199	0.0	0.0	0.0	0.24712924659252167	0.0
0.0	0.6227064728736877	0.28158506751060486	0.2148684859275818	0.3890073001384735	0.0	0.35783451795578003	0.11126027256250381	0.40526866912841797	0.5788698196411133	0.0	0.0
0.547086775302887	0.0	0.0	0.5719666481018066	0.0	0.2837575078010559	0.37331727147102356	0.12426170706748962	0.1476021707057953	0.0	1.12874174118042	0.24750889837741852
0.1271941214799881	0.008612475357949734	0.47976213693618774	0.03387190401554108	0.5819521546363831	0.23915114998817444	1.9996060132980347	0.2764277458190918	0.8378211259841919	0.13927200436592102	0.0	0.0
0.9099080562591553	0.0	0.08768875896930695	0.0	0.0	0.0	1.3928463459014893	0.7050919532775879	0.24184036254882812	0.195169135928154	0.8755553364753723	0.03190616890788078
0.4481619894504547	0.28702983260154724	0.34064239263534546	0.47359007596969604	0.24139051139354706	0.0	0.0	0.0	0.0	0.0	0.790444016456604	0.24324044585227966
0.3721420168876648	0.0	0.025187550112605095	0.21209634840488434	0.05616291984915733	0.2192177176475525	0.0	0.15116944909095764	0.2881617546081543	0.11908528953790665	0.5128212571144104	0.3729870915412903
0.19154363870620728	0.0	0.35838499665260315	0.0	0.0	0.21167585253715515	0.7137564420700073	0.3949507474899292	0.0945822149515152	0.0	0.2523746192455292	0.47021156549453735
0.09701690822839737	0.4446570575237274	0.08838861435651779	0.4908943772315979	0.061632901430130005	0.739061713218689	0.3237234652042389	0.25313934683799744	0.9393430948257446	0.12211577594280243	0.0	0.17208020389080048
0.3627054691314697	0.0	0.5451963543891907	0.2568654417991638	0.2613701820373535	0.0	1.293339729309082	0.49652281403541565	0.2590194344520569	0.279390811920166	0.7100030779838562	0.23850896954536438
0.21228322386741638	0.27458760142326355	0.0	0.010570121929049492	0.19557680189609528	0.3680265545845032	0.0	0.06188816577196121	0.19045118987560272	0.0	0.020327027887105942	0.43704572319984436
0.0	0.0	1.1225782632827759	0.22546683251857758	0.8901383876800537	0.0	0.46373990178108215	0.31979113817214966	0.26229310035705566	0.5445436835289001	0.0	0.04493775963783264
0.5241960287094116	0.5674135684967041	0.12512993812561035	0.44694000482559204	0.1634538471698761	0.0	0.7012966275215149	0.6450137495994568	0.0	0.0	0.024382146075367928	0.38257211446762085
0.48422592878341675	0.0	0.12126021087169647	0.0	0.0	0.41933125257492065	0.5869540572166443	0.20649096369743347	0.1306447982788086	0.0	0.46166595816612244	0.14028671383857727
0.0	0.061513252556324005	0.2615414559841156	0.08837804198265076	0.22378544509410858	0.0	0.0	0.0	0.0	0.0	0.06668772548437119	0.25505077838897705
0.378027081489563	0.3664419949054718	0.24339503049850464	0.2479652464389801	0.695408821105957	0.0	0.0	0.3923507630825043	0.14701923727989197	0.8170878887176514	0.251451700925827	0.2991286814212799
0.3859798014163971	0.0	0.43277427554130554	0.3279433250427246	0.8292625546455383	0.0	0.0	0.6413637399673462	0.08318397402763367	1.3107631206512451	0.15961916744709015	0.6448936462402344
0.0876845195889473	0.0	0.18571551144123077	0.225455179810524	0.25765854120254517	0.0	0.23237748444080353	0.34345802664756775	0.3488783836364746	0.579154372215271	0.2776581048965454	0.23768936097621918
0.4637947976589203	0.2884497046470642	0.11018407344818115	0.2778193950653076	0.10815051198005676	0.12364771962165833	0.008365046232938766	0.5857996344566345	0.0	0.023354237899184227	0.24141983687877655	0.20629000663757324
0.6894151568412781	0.0	0.7719274759292603	0.201649010181427	0.43224015831947327	0.0	1.1947057247161865	0.9673652052879333	0.32712921500205994	0.09112715721130371	0.0	0.6439201831817627
0.14691947400569916	0.0	0.4541546702384949	0.0	0.1793297529220581	0.0	0.7330261468887329	0.3434111177921295	0.5478902459144592	0.3920166492462158	0.0	0.1957809180021286
1.289651870727539	5.089817523956299	0.0	0.821627676486969	0.04547832906246185	0.0	0.0	0.11251285672187805	0.15160369873046875	0.0	0.0	1.3016177415847778
0.28063008189201355	0.0	0.6091892719268799	0.14807826280593872	0.8285231590270996	0.0	0.767687976360321	0.3516325056552887	0.23398669064044952	0.6630826592445374	0.4239303767681122	0.5080859065055847
0.5217569470405579	1.1388206481933594	0.0	0.6992451548576355	0.30792486667633057	0.0	0.0	0.0	0.0	0.0	0.6688973903656006	0.06124654412269592
0.5487955212593079	0.41149070858955383	0.1795700341463089	0.18725523352622986	0.3664291501045227	0.0	0.09087660908699036	0.262897789478302	0.0	0.2252049297094345	0.6108298897743225	0.0645759329199791
0.5207880139350891	2.60038423538208	0.5531581044197083	0.38686686754226685	3.1619513034820557	0.0	0.0	0.9621107578277588	0.0	3.3447179794311523	0.0	0.0
0.24062961339950562	0.0	0.5283228754997253	0.23251736164093018	0.38412266969680786	0.038515448570251465	0.3654176592826843	0.28198134899139404	0.4751817584037781	0.1873634308576584	0.2468140423297882	0.33148568868637085
0.8882651925086975	0.712164580821991	0.13440394401550293	0.4515588879585266	0.09135949611663818	0.0	0.23807567358016968	0.1341710388660431	0.3000308871269226	0.3749607801437378	0.4439728260040283	0.0
0.28565001487731934	0.07089889794588089	0.11176939308643341	0.09988188743591309	0.0	0.4710193872451782	0.4014633595943451	0.20273125171661377	0.1847778707742691	0.0	0.3612271547317505	0.0
0.12757033109664917	0.24769321084022522	0.0	0.0038213878870010376	0.09863334894180298	1.1921790838241577	0.0	0.0	0.3609526753425598	0.0	0.3865077793598175	0.057983748614788055
0.1748267114162445	0.0	0.15068194270133972	0.16316404938697815	0.0	0.12655426561832428	1.1704013347625732	0.47640496492385864	0.12522907555103302	0.0	0.32838666439056396	0.42211711406707764
0.4172350764274597	0.11781353503465652	0.07154878973960876	0.1518872082233429	0.0	0.4712463915348053	0.0	0.15736664831638336	0.0	0.0	0.5227847695350647	0.409884512424469
0.31961876153945923	0.0	0.4863543212413788	0.0	0.3437854051589966	0.3901015520095825	0.5469245910644531	0.3123527765274048	1.297536015510559	0.18468014895915985	0.22605900466442108	0.17143072187900543
0.17757855355739594	0.0	0.04539380967617035	0.0804443284869194	0.0	0.6845476627349854	0.6789898872375488	0.16810980439186096	0.2742890417575836	0.0	0.3103483021259308	0.0
0.2318817377090454	0.31293779611587524	0.011235162615776062	0.2019961178302765	0.07727183401584625	0.0	0.3435496389865875	0.44403570890426636	0.0	0.0	0.15462224185466766	0.35076722502708435
0.2547842264175415	0.02400907874107361	0.07238702476024628	0.14503765106201172	0.06098591908812523	0.0	0.1566404551267624	0.4704519510269165	0.0	0.151925727725029	0.2726134955883026	0.41219601035118103
0.06672580540180206	0.0	0.8138887882232666	0.0	0.4085175693035126	0.04844130575656891	1.2677141427993774	0.11434169858694077	0.5875769257545471	0.1491881012916565	0.0	0.0
0.2999756336212158	0.33688992261886597	0.40698882937431335	0.23164373636245728	0.6127573251724243	0.0	0.0	0.3348132371902466	0.0	0.060988131910562515	0.10677040368318558	0.3639738857746124
0.6660243272781372	0.0	0.4660813510417938	0.24296462535858154	0.10909877717494965	0.0	1.0255608558654785	0.36920225620269775	0.31682392954826355	0.19172906875610352	1.0569156408309937	0.2127751111984253
1.12309992313385	0.0	0.15518954396247864	0.0	0.25562068819999695	0.0	0.48420393466949463	1.3184294700622559	0.0	0.20800361037254333	0.744063138961792	0.3878660798072815
1.7728323936462402	0.0770968422293663	0.0	0.42489635944366455	0.0	0.0	0.0	0.9641896486282349	0.0	0.005605101585388184	2.162827968597412	0.5290266275405884
0.014887291006743908	0.0	0.30051493644714355	0.260986328125	0.22672848403453827	0.0	0.27900609374046326	0.45305225253105164	0.04193447157740593	0.0	0.2515253722667694	0.23976729810237885
0.42400529980659485	0.314757764339447	0.029752392321825027	0.47268015146255493	0.0	0.08594930171966553	0.0	0.363236665725708	0.2003803551197052	0.4269488453865051	0.47282469272613525	0.0
0.12492922693490982	0.0	0.014339853078126907	0.0	0.0	0.23988330364227295	0.1984686255455017	0.0	0.1374286711215973	0.0	0.28127479553222656	0.0
0.5081489086151123	0.008632659912109375	0.27751749753952026	0.0	0.11488692462444305	0.0	0.9329689741134644	0.4222724437713623	0.33187809586524963	0.2143080234527588	0.0934324860572815	0.0
0.4509294033050537	0.0	0.13256829977035522	0.0	0.0788956880569458	0.0	0.5734292268753052	0.5945097208023071	0.13788996636867523	0.0743553563952446	0.13543672859668732	0.11920623481273651
0.37558695673942566	0.056577906012535095	0.0	0.0	0.0	0.4735797047615051	0.48241549730300903	0.4106978178024292	0.0	0.0	0.2988651990890503	0.0658189207315445
0.21102669835090637	0.4996255934238434	0.4670528471469879	0.1161065623164177	1.1832787990570068	0.0	0.0	0.181294783949852	0.0	0.68653404712677	0.0	0.4357786774635315
0.32747530937194824	0.0	0.278205931186676	0.19290411472320557	0.2477339208126068	0.0	0.3941364884376526	0.4256148040294647	0.0668264627456665	0.08763419091701508	0.6558531522750854	0.37920698523521423
0.5640618801116943	0.16714754700660706	0.0	0.4466266930103302	0.0	1.0164494514465332	0.0	0.18961608409881592	0.22871452569961548	0.0	0.8585379123687744	0.0
0.3682248592376709	0.3048764765262604	0.0	0.013597670011222363	0.0	0.6843578219413757	0.0	0.12558794021606445	0.0	0.0	0.44102364778518677	0.10674916952848434
0.2081661820411682	0.0	0.0	0.16231948137283325	0.0	1.1277689933776855	0.6663090586662292	0.21783554553985596	0.7417050004005432	0.0	0.3906683921813965	0.0
0.5807844400405884	0.0	0.7436676621437073	0.0	0.570445716381073	0.0	1.245342493057251	0.8703604936599731	0.7692522406578064	1.312113642692566	0.12771040201187134	0.6654473543167114
0.42275187373161316	0.0	0.16663147509098053	0.011602092534303665	0.6600046753883362	0.0	0.0441318042576313	0.3078976273536682	0.08704037964344025	0.3223404288291931	0.44740432500839233	0.2818158268928528
0.06655484437942505	0.5079843997955322	0.0	0.31262603402137756	0.0	0.6719659566879272	0.0	0.0	0.0	0.0	0.2436971664428711	0.0
0.26473525166511536	0.8463436961174011	0.0	0.4775317907333374	0.3525855541229248	0.0	0.0	0.0	0.0	0.0	0.5737161040306091	0.2338612824678421
0.8476499319076538	0.0	0.6856540441513062	0.35648399591445923	0.5544313192367554	0.0	0.6480658054351807	0.7912538647651672	0.6647680401802063	0.8760734796524048	0.5317724943161011	0.4732729196548462
0.964867353439331	0.0	0.0	0.6986366510391235	0.20829372107982635	0.0	0.15957315266132355	0.6895949244499207	0.0	0.0	1.3139809370040894	0.729808509349823
0.18555453419685364	0.2086775302886963	0.0	0.5704064965248108	0.0	0.5973482131958008	0.1522751748561859	0.29663437604904175	0.0	0.0	0.27013033628463745	0.45251572132110596
0.20346444845199585	0.0	0.23967018723487854	0.04979836195707321	0.9070088863372803	0.6086703538894653	0.46106570959091187	0.14596562087535858	0.8635640144348145	0.038153499364852905	0.22373345494270325	0.14582033455371857
0.14898458123207092	0.0593927800655365	0.0	0.3008424639701843	0.0	0.9900954365730286	0.0	0.05252927541732788	0.16088491678237915	0.0	0.6767975687980652	0.4019681215286255
0.21931664645671844	0.0	0.13944771885871887	0.21594777703285217	0.3879331648349762	0.0	0.0626562237739563	0.17816980183124542	0.01925329864025116	0.09803706407546997	0.29404881596565247	0.17713266611099243
0.3138461112976074	0.030079185962677002	0.0	0.0	0.0	0.4425242841243744	0.3097645938396454	0.11934293806552887	0.0	0.0	0.38063424825668335	0.0
0.22472985088825226	0.7616214752197266	0.05025342106819153	0.3465815484523773	0.0	0.7343335151672363	0.0	0.0	0.0	0.0	0.058392103761434555	0.0
0.3545767068862915	0.1868424117565155	0.8085594773292542	0.29987719655036926	1.1913286447525024	0.0	0.07920612394809723	0.4151631295681	0.08093559741973877	1.002304196357727	0.120054692029953	0.6545467972755432
0.20006781816482544	0.0	0.1501266211271286	0.16923977434635162	0.0	0.0	0.3453710377216339	0.29768359661102295	0.1266559213399887	0.0	0.27454674243927	0.2147979736328125
0.7109219431877136	0.0	0.8258669972419739	0.7148178815841675	0.7564247250556946	0.0	0.8415360450744629	0.8587489128112793	0.3726809620857239	1.3096261024475098	0.9033087491989136	0.5178532004356384
0.0	0.3828893303871155	0.5064688324928284	0.029724931344389915	0.10913635790348053	0.36029353737831116	0.249911829829216	0.0	0.31585219502449036	0.06667914241552353	0.0	0.0
0.6736107468605042	0.5239423513412476	0.3422805368900299	0.10383089631795883	0.547082245349884	0.0	0.0	0.5938042402267456	0.28543582558631897	0.30120259523391724	0.23331037163734436	0.8187530636787415
0.30389082431793213	0.0	0.7976699471473694	0.34243032336235046	0.7551419138908386	0.0	0.0	0.5408669114112854	0.48824506998062134	0.5511016845703125	0.027352366596460342	1.0003708600997925
0.07060063630342484	0.0	0.32372307777404785	0.0932174101471901	0.006281420588493347	0.32977914810180664	0.2137192040681839	0.14107035100460052	0.38148918747901917	0.0	0.109958715736866	0.14986391365528107
0.6745526194572449	2.5642824172973633	0.0	0.34972670674324036	0.22461234033107758	0.0	0.0	0.019983291625976562	0.0	0.0	0.0	0.5951351523399353
0.38170167803764343	0.5427324771881104	0.0	0.6988021731376648	0.5708745121955872	0.0	0.0	0.22165141999721527	0.0	0.18510925769805908	1.182314157485962	0.30066752433776855
0.4081605076789856	0.0	0.308080792427063	0.06312447041273117	0.0	0.11247017234563828	0.8189213275909424	0.6775215864181519	0.246917262673378	0.09315526485443115	0.1652028113603592	0.6047905683517456
0.6406139731407166	0.2774452567100525	0.15429504215717316	0.4048863351345062	0.18153232336044312	0.0	0.0	0.34567415714263916	0.10701943188905716	0.23622636497020721	0.7154451012611389	0.24416828155517578
0.07143789529800415	0.42360445857048035	0.0	0.3671092987060547	0.07285775989294052	0.08807572722434998	0.0	0.11846495419740677	0.0	0.0	0.4991297721862793	0.2325102984905243
0.03845127671957016	0.04404660686850548	0.22271107137203217	0.7044103145599365	0.023082807660102844	1.1995471715927124	0.34142446517944336	0.0010295341489836574	0.5993751287460327	0.0	0.7354849576950073	0.036213502287864685
0.11895487457513809	0.2494770735502243	0.0	0.28779053688049316	0.0	0.3112967610359192	0.0	0.10214938223361969	0.18203605711460114	0.0	0.3118474781513214	0.1781052201986313
0.6049097776412964	1.2323483228683472	0.5523630976676941	0.4457440972328186	2.776776075363159	0.0	0.0	1.1177750825881958	0.0	1.3031772375106812	0.0	0.5951970219612122
0.6240215301513672	0.361738920211792	0.0	0.38822421431541443	0.0	0.4397584795951843	0.0	0.6084533333778381	0.0	0.02721928246319294	0.5977612137794495	0.14001409709453583
0.34759965538978577	0.15017375349998474	0.44633886218070984	0.4193499982357025	0.6204847693443298	0.0	0.0	0.7475053071975708	0.09167446941137314	0.5462294816970825	0.056293733417987823	0.4344647526741028
0.9306999444961548	0.31093519926071167	0.053345903754234314	0.4653708338737488	0.08648200333118439	0.0	0.34528565406799316	0.5635102987289429	0.3722657859325409	0.6092295050621033	0.3917192816734314	0.3455178737640381
0.14688830077648163	0.917718231678009	1.1080507040023804	0.6615960001945496	2.2869021892547607	0.0	0.02547675371170044	0.6706961393356323	0.030686572194099426	2.7658779621124268	0.0	0.42079660296440125
0.19488467276096344	0.19879907369613647	0.0	0.0	0.0	0.709886908531189	0.0	0.0	0.0	0.0	0.28711989521980286	0.0
0.7102243304252625	0.5114419460296631	0.1388634592294693	0.09172314405441284	0.11878259479999542	0.3186549246311188	0.0	0.38549330830574036	0.5805277824401855	0.18095529079437256	0.4452868402004242	0.17944997549057007
0.3214234411716461	0.0	0.0	0.0	0.0	0.509071409702301	0.57785964012146	0.22331547737121582	0.23926514387130737	0.0	0.5406156182289124	0.0
0.16984984278678894	0.0	0.45330923795700073	0.0	0.3262755274772644	0.3054887056350708	0.6278482675552368	0.26028361916542053	0.5599933862686157	0.178641676902771	0.18617048859596252	0.0
0.34732872247695923	0.10767530649900436	0.0	0.3439149260520935	0.10686208307743073	0.15411466360092163	0.0	0.2474430948495865	0.27691584825515747	0.1281960904598236	1.0302460193634033	0.19968323409557343
0.2335359752178192	0.019195180386304855	0.0	0.44871997833251953	0.31354010105133057	0.0941096842288971	0.0	0.11867033690214157	0.5572421550750732	0.0	0.5647680759429932	0.1921948343515396
0.0288393571972847	0.8200598955154419	0.5266799926757812	0.07912470400333405	0.5590307116508484	0.0	0.0	0.0	0.0	0.0	0.0	0.1842271089553833
0.2708083689212799	0.0	0.0	0.0	0.0	0.3461279571056366	0.9236353039741516	0.18170788884162903	0.11888857185840607	0.0	0.538556694984436	0.0
0.34036436676979065	0.0	0.32230326533317566	0.0	0.2533488869667053	0.0	0.5672420263290405	0.5350233316421509	0.1715414822101593	0.0	0.17720763385295868	0.5652168989181519
0.4323510527610779	0.0	0.0	0.17966043949127197	0.0	0.12108154594898224	0.2818794548511505	0.4328537583351135	0.1819816678762436	0.008672405034303665	0.3033715784549713	0.2280387580394745
0.5095675587654114	0.0	0.0	0.047551002353429794	0.0	0.47847580909729004	0.01983143389225006	0.41942545771598816	0.0	0.0	0.7754654884338379	0.3931905925273895
0.0	0.7930344343185425	0.469094455242157	0.7116506695747375	1.0611717700958252	0.0	0.0	0.5376582741737366	0.06699647754430771	0.7250635623931885	0.0	0.4884679615497589
0.16883057355880737	0.4899711012840271	0.14882595837116241	0.45275795459747314	0.034394521266222	0.10340698063373566	0.0	0.06994865089654922	0.2600400745868683	0.06406229734420776	0.0943123996257782	0.31447693705558777
0.04648897051811218	0.9642185568809509	0.013574421405792236	0.21602751314640045	0.24711179733276367	0.0	0.0	0.03568199649453163	0.06842547655105591	0.0	0.0	0.712773323059082
0.5318641662597656	0.0	0.0	0.061490532010793686	0.0	0.3570876717567444	0.0	0.4204784035682678	0.0	0.0	0.6423799991607666	0.4529668688774109
0.17767193913459778	0.0	0.08702830970287323	0.25103023648262024	0.0	0.0	0.6113677620887756	0.48136481642723083	0.0	0.0	0.23097336292266846	0.27403542399406433
0.0036957296542823315	0.0	0.6510703563690186	0.27013295888900757	0.29537877440452576	0.0	0.4564622640609741	0.160829558968544	0.48849934339523315	0.1270098239183426	0.17644841969013214	0.31127870082855225
0.17563830316066742	0.4776926040649414	0.0	0.10466975718736649	0.0	0.46671703457832336	0.0	0.0	0.0	0.0	0.2300409972667694	0.0
0.6094350814819336	0.19548344612121582	0.20391343533992767	0.0693318247795105	0.0	0.11119437962770462	0.041928891092538834	0.7198241353034973	0.36941951513290405	0.0	0.0	0.3170088529586792
0.4247654974460602	0.0	0.0	0.0888267531991005	0.0	0.782780647277832	0.09288951009511948	0.43577122688293457	0.26147955656051636	0.0	0.3478941023349762	0.197316512465477
0.26760590076446533	0.0	0.09388116002082825	0.4079638421535492	0.25989359617233276	0.0	0.0	0.37650972604751587	0.0	0.0	0.5482998490333557	0.1875583380460739
0.6683970093727112	0.0	0.0795082077383995	0.15107931196689606	0.029110444709658623	0.0	0.22633983194828033	0.5727791786193848	0.13773027062416077	0.21467867493629456	0.8036125302314758	0.22516828775405884
0.0963800773024559	0.2643526494503021	0.16059176623821259	0.0	0.0	0.1787615418434143	0.43297699093818665	0.05844205617904663	0.07951755821704865	0.0	0.0	0.0
0.2740684747695923	0.0	0.20918111503124237	0.0	0.20615458488464355	0.00768241984769702	0.41154956817626953	0.2216574251651764	0.0	0.0	0.530643105506897	0.07546386867761612
0.1481161117553711	0.0	0.11808355152606964	0.09315598011016846	0.0	0.0	0.21333438158035278	0.2595309019088745	0.0	0.0	0.21920901536941528	0.11210890114307404
0.49901917576789856	0.9835804104804993	0.5076540112495422	0.13298363983631134	0.7280621528625488	0.0	0.1198783814907074	0.6558437943458557	0.0	0.11495061963796616	0.17827153205871582	0.42892590165138245
0.3083973228931427	0.0	0.0	0.4268301725387573	0.0	0.06091935932636261	0.0	0.06387516856193542	0.0	0.0	0.7852543592453003	0.12450139224529266
0.16314458847045898	0.16400250792503357	0.0	0.0	0.0	0.2568089962005615	0.0	0.0927826389670372	0.0	0.0	0.2444974035024643	0.0
0.0	0.0	0.2849459946155548	0.483868271112442	0.25544238090515137	0.2252587080001831	0.03329211845993996	0.05470316857099533	0.3193987309932709	0.0	0.6710373759269714	0.0
0.48118579387664795	0.37797054648399353	0.0	0.034765757620334625	0.0	0.36985939741134644	0.0	0.3448014557361603	0.0	0.0	0.4296420216560364	0.07652521133422852
0.15820252895355225	0.5100961923599243	0.45357921719551086	0.2926650643348694	1.00478196144104	0.0	0.04819997772574425	0.2677185535430908	0.14845983684062958	1.0973349809646606	0.012319624423980713	0.0
0.15208527445793152	0.0	0.0	0.038025371730327606	0.0	0.9210715293884277	0.1789490133523941	0.00749142887070775	0.24944345653057098	0.0	0.385148286819458	0.0
0.30187880992889404	0.30600059032440186	0.11788185685873032	0.21214625239372253	0.3202400207519531	0.0	0.0	0.38501226902008057	0.05764796584844589	0.19918203353881836	0.18873566389083862	0.571115255355835
0.2539648711681366	0.050498783588409424	0.0	0.08120094239711761	0.0	0.0971769317984581	0.0070827798917889595	0.10118068009614944	0.0	0.0	0.48149460554122925	0.12094469368457794
0.6195240020751953	0.0	1.1366949081420898	0.0898103341460228	0.696099042892456	0.0	0.0	0.5606289505958557	0.27911174297332764	0.23929621279239655	0.3642900288105011	0.33493390679359436
0.1557009369134903	0.19188499450683594	0.0	0.014917275868356228	0.0021625980734825134	0.2465803623199463	0.0	0.10696077346801758	0.0	0.0	0.24439026415348053	0.27674600481987
0.2401517927646637	0.10344158113002777	0.0	0.0	0.0	0.0	0.6787399649620056	0.05087679252028465	0.0	0.0	0.07051392644643784	0.06812161952257156
0.1735442727804184	0.20748046040534973	0.48784857988357544	0.24671228229999542	0.0	0.0	0.7954506874084473	0.4851818084716797	0.3020817041397095	0.1329151690006256	0.0	0.0
0.3442430794239044	1.654990315437317	0.0	0.3643588125705719	0.2503320276737213	0.0	0.0	0.19145281612873077	0.0	0.0	0.0	0.5936881303787231
0.0	1.227332353591919	0.1653692126274109	0.2836573123931885	0.4234168529510498	0.754206657409668	0.0	0.0	0.2949346601963043	0.0	0.0	0.0
0.23861320316791534	0.18526054918766022	0.1403428316116333	0.0	0.0	0.5475540161132812	0.0	0.0358201265335083	0.0	0.0	0.31094256043434143	0.11022019386291504
0.5549298524856567	0.0	0.3184330463409424	0.04667528718709946	0.7249419689178467	0.0	0.0	0.6446742415428162	0.0	0.8532977104187012	0.18178164958953857	0.32664141058921814
0.2573305070400238	0.0	0.5190501809120178	0.12095484137535095	0.1553058624267578	0.2935497462749481	0.7157118320465088	0.09845937043428421	0.47305071353912354	0.0	0.1554807722568512	0.0
0.764866828918457	0.0	0.18826787173748016	0.41414201259613037	0.0043373010121285915	0.0	0.36369478702545166	0.7749082446098328	0.08005645871162415	0.46589195728302	0.9710354804992676	0.8384671211242676
0.2857730984687805	0.0	0.11347230523824692	0.054765209555625916	0.26933276653289795	0.0	0.7897207736968994	0.6050046682357788	0.842340350151062	0.6541178226470947	0.0	0.6750094294548035
1.3123338222503662	0.0	0.0	0.785936176776886	0.0	0.2562580406665802	0.653018593788147	0.1797226220369339	0.037798114120960236	0.4499780833721161	1.8210670948028564	0.1066427081823349
0.4596053957939148	0.15469181537628174	0.18991009891033173	0.08037731051445007	0.11292576789855957	0.0	0.7088452577590942	0.24031195044517517	0.21851010620594025	0.18203333020210266	0.2509392499923706	0.13119475543498993
0.15059448778629303	0.0	0.4913557171821594	0.00633452832698822	0.2275961935520172	0.27005383372306824	0.22729413211345673	0.2066984921693802	0.29107189178466797	0.0014826259575784206	0.36070212721824646	0.24220460653305054
0.11793332546949387	0.10665488988161087	0.0	0.0	0.0	0.6575961112976074	0.10513974726200104	0.059259869158267975	0.3139040470123291	0.0	0.0	0.26844820380210876
0.9525371789932251	0.010903477668762207	0.0	0.45524144172668457	0.0	0.45015743374824524	0.0	0.0	0.0	0.0	1.2771931886672974	0.09408695250749588
0.3549666404724121	0.0	0.0	0.0	0.0	0.42430579662323	0.23296619951725006	0.06322319060564041	0.3501772880554199	0.0	0.3198062479496002	0.057921480387449265
0.43609946966171265	0.0	0.19132089614868164	0.2833191156387329	0.2649403512477875	0.0	0.41941091418266296	0.4340006411075592	0.0	0.24656274914741516	0.3020489811897278	0.4872947037220001
0.9716125726699829	0.0	0.4908654987812042	0.05052609741687775	0.27810361981391907	0.0	1.3257403373718262	0.49308374524116516	0.2103298157453537	0.07398413121700287	0.5563817620277405	0.36527836322784424
0.31293734908103943	0.0	0.7704872488975525	0.04429404437541962	0.6405037641525269	0.0	0.0	0.5114970207214355	0.24710512161254883	0.5638974905014038	0.0	0.7285724878311157
0.3289039134979248	0.5556743144989014	0.2714170217514038	0.28621822595596313	0.0	0.0	0.5156528353691101	0.287431925535202	0.52998286485672	0.22167083621025085	0.0	0.0
0.4888721704483032	0.18769878149032593	0.0	0.6010990142822266	0.0	0.38121655583381653	0.0	0.0	0.0	0.0	1.065763235092163	0.0
0.0020922799594700336	0.27133709192276	0.14846016466617584	0.1457020491361618	0.38471972942352295	0.8508291244506836	0.0	0.08083139359951019	0.6585060954093933	0.0	0.0	0.0
0.02906268835067749	0.1875985860824585	0.2063124179840088	0.0	0.43700385093688965	0.16781765222549438	0.0	0.08917185664176941	0.5737489461898804	0.6137474179267883	0.0	0.0875234305858612
0.722716748714447	0.09945482015609741	0.02543863095343113	0.3407275378704071	0.05082821473479271	0.0	0.247212216258049	0.6266497373580933	0.0	0.0	0.7731509804725647	0.0496903695166111
0.048062585294246674	0.0	0.6620931625366211	0.19012142717838287	0.5990282297134399	0.0	0.5705627799034119	0.49515917897224426	0.26999205350875854	0.5316618084907532	0.0429324172437191	0.25367382168769836
0.353573739528656	0.0	0.0	0.24922196567058563	0.0	0.6615808606147766	0.17381879687309265	0.17795781791210175	0.0	0.0	0.786963701248169	0.22578363120555878
0.1582002341747284	0.0	0.0	0.0	0.0555998831987381	0.7088265419006348	0.36303114891052246	0.17143529653549194	0.4456160366535187	0.0	0.17514951527118683	0.0
0.3832515776157379	0.0	0.0	0.0	0.0	0.6516934037208557	0.541265070438385	0.1462906301021576	0.1541408896446228	0.0	0.5716270208358765	0.2643556296825409
0.7919279336929321	0.0	0.0	0.5471898913383484	0.0	0.725070059299469	0.0	0.2254774123430252	0.0	0.0	1.1881319284439087	0.789692759513855
0.35035350918769836	0.0	0.34026211500167847	0.0	0.01998688280582428	0.0	0.6736425757408142	0.39658236503601074	0.02777273580431938	0.0	0.5533093214035034	0.31087547540664673
0.18198800086975098	0.05138768255710602	0.1471877098083496	0.1698921024799347	0.29861944913864136	0.0	0.0	0.2666936218738556	0.0	0.0	0.4703217148780823	0.08937564492225647
0.13914397358894348	0.606231689453125	0.14528581500053406	0.1918933242559433	0.3163534998893738	0.11682170629501343	0.0	0.0	0.0	0.0	0.7127429842948914	0.023956796154379845
0.15008291602134705	0.0	0.34963202476501465	0.0	0.4246470332145691	0.5808199644088745	0.0	0.13280664384365082	0.3692255914211273	0.0	0.27999061346054077	0.2937270998954773
0.30366751551628113	0.0	0.0	0.14809811115264893	0.0	0.1770097017288208	0.2757924795150757	0.2691694498062134	0.17413341999053955	0.009251266717910767	0.4188232719898224	0.2316727191209793
0.17651726305484772	0.0	0.42997032403945923	0.0	0.25853660702705383	0.0	0.44286301732063293	0.195785790681839	0.8456174731254578	0.2008015215396881	0.030940653756260872	0.24117639660835266
0.3527105450630188	0.3124363422393799	0.0	0.0	0.0	0.14447028934955597	0.9962194561958313	0.0	0.16279569268226624	0.0	0.0	0.0
0.5865065455436707	0.0	0.4138062596321106	0.2528306245803833	0.2944071590900421	0.0	0.5495055317878723	0.5740607976913452	0.39624887704849243	0.7773138284683228	0.44081491231918335	0.08652640134096146
0.16727939248085022	0.10373280942440033	0.0	0.17154784500598907	0.0	0.5206432342529297	0.0	0.0	0.058005303144454956	0.0	0.31741589307785034	0.0
0.693006157875061	0.0	0.21611124277114868	0.6509829759597778	0.01857275702059269	0.07320795953273773	0.24313510954380035	0.4384700357913971	0.4221072793006897	0.3163641095161438	0.8058714270591736	0.5006347894668579
0.5566518306732178	0.0764542818069458	0.4051404893398285	0.5868052244186401	0.4473137855529785	0.0	0.3298562467098236	0.5602176189422607	0.24135302007198334	0.8538985252380371	0.8442448377609253	0.22288763523101807
0.21138912439346313	0.39912205934524536	0.0	0.0804714784026146	0.024059059098362923	0.152985617518425	0.0	0.008466457948088646	0.10152551531791687	0.0	0.271553635597229	0.5209397673606873
0.1614123284816742	0.12058398127555847	0.0	0.09924919903278351	0.0	0.28315499424934387	0.0	0.2597298324108124	0.0	0.0	0.291808545589447	0.10897970199584961
0.5038712620735168	0.0	0.4169895052909851	0.0	0.0	0.0	0.7595075964927673	0.8806681036949158	0.0	0.0	0.47390446066856384	0.7487279176712036
0.9546282291412354	0.07125738263130188	0.0	0.28695788979530334	0.0	0.0	0.13664202392101288	0.3650025725364685	0.0	0.11704447865486145	1.1358624696731567	0.3021305203437805
0.3545173406600952	0.0	0.08477892726659775	0.2340799868106842	0.0	0.302934467792511	0.6962385773658752	0.24198859930038452	0.2038743495941162	0.0	0.5081238150596619	0.2534148395061493
0.24220021069049835	0.0	0.0	0.0	0.0	0.9170911312103271	0.29012131690979004	0.21193942427635193	0.5943707227706909	0.0	0.2009994089603424	0.027002304792404175
0.5228639245033264	0.0718269795179367	0.33656325936317444	0.0	0.3967868685722351	0.24335265159606934	0.08613044023513794	0.3745439052581787	0.3618076741695404	0.0	0.019517123699188232	0.36976632475852966
0.0826335921883583	0.4111207127571106	0.0	0.2674306035041809	0.0	1.340954303741455	0.0	0.0	0.29876527190208435	0.0	0.4218588173389435	0.27896109223365784
0.2633780539035797	0.8031609058380127	0.07162278890609741	0.34819281101226807	0.24651989340782166	0.19452004134655	0.0	0.6037943959236145	0.0	0.0	0.022074420005083084	0.47397953271865845
0.17295247316360474	0.0	0.573124885559082	0.0	0.42536914348602295	0.6503669023513794	1.2378069162368774	0.1404934525489807	0.9985836744308472	0.19001127779483795	0.0	0.0
0.0380484014749527	0.0	0.7534264326095581	0.5752702951431274	0.6709245443344116	0.0	0.2057732492685318	0.13216069340705872	0.28767654299736023	0.2585778832435608	0.617716908454895	0.0
0.5135180950164795	0.0	0.241227388381958	0.11314351111650467	0.03766651079058647	0.0	0.3658073842525482	0.3356744647026062	0.18819548189640045	0.10761339962482452	0.4124912619590759	0.14388832449913025
0.21372461318969727	0.0	0.0	0.08089534193277359	0.4936944544315338	0.0	0.0	0.30740445852279663	0.0	0.3492826223373413	0.4596310257911682	0.39967599511146545
0.7255096435546875	0.033958859741687775	0.19377519190311432	0.11972156167030334	0.23486396670341492	0.0	0.0	0.20022708177566528	0.0	0.0	0.666312575340271	0.2570127248764038
